Identifier;DimensionGroupId;DimensionId;Index;Title;Description
WP1925;1;RegioS;1;Aadorp;
WP2774;1;RegioS;2;Aagtekerke;
WP2145;1;RegioS;3;Aalden;
WP2571;1;RegioS;4;Aalsmeer;
WP1600;1;RegioS;5;Aalsmeerderbrug;
WP2626;1;RegioS;6;Aalst;
WP3387;1;RegioS;7;Aalsum;
WP1193;1;RegioS;8;Aalten;
WP2673;1;RegioS;9;Ter Aar;
WP2394;1;RegioS;10;Ter Aard;
WP2961;1;RegioS;11;Aardenburg;
WP1079;1;RegioS;12;Aarlanderveen;
WP1445;1;RegioS;13;Aarle-Rixtel;
WP2788;1;RegioS;14;Aartswoud;
WP2400;1;RegioS;15;Abbega;
WP3147;1;RegioS;16;Abbekerk;
WP1385;1;RegioS;17;Abbenbroek;
WP1608;1;RegioS;18;Abbenes;
WP1332;1;RegioS;19;Abcoude;
WP1364;1;RegioS;20;Achlum;
WP1063;1;RegioS;21;Achterveld;
WP2640;1;RegioS;22;Achterveld;
WP2131;1;RegioS;23;Achthuizen;
WP3493;1;RegioS;24;Achtmaal;
WP3527;1;RegioS;25;Acquoy;
WP2464;1;RegioS;26;Adorp;
WP2114;1;RegioS;27;Aduard;
WP2652;1;RegioS;28;Aerdenhout;
WP2976;1;RegioS;29;Aerdt;
WP2902;1;RegioS;30;Afferden;
WP1122;1;RegioS;31;Afferden L;
WP1407;1;RegioS;32;Agelo;
WP2267;1;RegioS;33;Akersloot;
WP2525;1;RegioS;34;Akkrum;
WP2484;1;RegioS;35;Akmarijp;
WP1283;1;RegioS;36;Albergen;
WP2386;1;RegioS;37;Alblasserdam;
WP3224;1;RegioS;38;Alde Leie;
WP2532;1;RegioS;39;Aldeboarn;
WP2441;1;RegioS;40;Aldtsjerk;
WP3313;1;RegioS;41;Aldwâld;
WP1623;1;RegioS;42;Alem;
WP2348;1;RegioS;43;Alkmaar;
WP2301;1;RegioS;44;Allingawier;
WP1924;1;RegioS;45;Almelo;
WP1334;1;RegioS;46;Almen;
WP1270;1;RegioS;47;Almere;
WP3300;1;RegioS;48;Almkerk;
WP1766;1;RegioS;49;Alphen;
WP3432;1;RegioS;50;Alphen;
WP1080;1;RegioS;51;Alphen aan den Rijn;
WP1633;1;RegioS;52;Alteveer;
WP3079;1;RegioS;53;Alteveer;
WP3160;1;RegioS;54;Alteveer;
WP1810;1;RegioS;55;Alteveer gem Hoogeveen;
WP1767;1;RegioS;56;Altforst;
WP1438;1;RegioS;57;Ambt Delden;
WP2106;1;RegioS;58;Ameide;
WP1147;1;RegioS;59;Amen;
WP1026;1;RegioS;60;America;
WP3337;1;RegioS;61;Amerongen;
WP1664;1;RegioS;62;Amersfoort;
WP2367;1;RegioS;63;Ammerstol;
WP1624;1;RegioS;64;Ammerzoden;
WP3547;1;RegioS;65;Amstelhoek;
WP1050;1;RegioS;66;Amstelveen;
WP2099;1;RegioS;67;Amstenrade;
WP3594;1;RegioS;68;Amsterdam;
WP3569;1;RegioS;69;Amsterdam-Duivendrecht;
WP3301;1;RegioS;70;Andel;
WP2466;1;RegioS;71;Den Andel;
WP1862;1;RegioS;72;Andelst;
WP1148;1;RegioS;73;Anderen;
WP1053;1;RegioS;74;Andijk;
WP1537;1;RegioS;75;Ane;
WP1538;1;RegioS;76;Anerveen;
WP1539;1;RegioS;77;Anevelde;
WP3133;1;RegioS;78;Angeren;
WP1299;1;RegioS;79;Angerlo;
WP2999;1;RegioS;80;Ankeveen;
WP1149;1;RegioS;81;Anloo;
WP3185;1;RegioS;82;Anna Paulowna;
WP1150;1;RegioS;83;Annen;
WP1151;1;RegioS;84;Annerveenschekanaal;
WP3104;1;RegioS;85;Ansen;
WP3161;1;RegioS;86;Ansen;
WP2296;1;RegioS;87;Ter Apel;
WP3560;1;RegioS;88;Apeldoorn;
WP2297;1;RegioS;89;Ter Apelkanaal;
WP1753;1;RegioS;90;Appelscha;
WP1768;1;RegioS;91;Appeltern;
WP3386;1;RegioS;92;Appingedam;
WP3140;1;RegioS;93;Arcen;
WP1432;1;RegioS;94;Arkel;
WP1008;1;RegioS;95;Arnemuiden;
WP1296;1;RegioS;96;Arnhem;
WP3630;1;RegioS;97;Arriën;
WP2302;1;RegioS;98;Arum;
WP3370;1;RegioS;99;Asch;
WP2353;1;RegioS;100;Asperen;
WP2391;1;RegioS;101;Assen;
WP1878;1;RegioS;102;Assendelft;
WP2928;1;RegioS;103;Asten;
WP3307;1;RegioS;104;Augsbuert-Lytsewâld;
WP3173;1;RegioS;105;Augustinusga;
WP2824;1;RegioS;106;Austerlitz;
WP1183;1;RegioS;107;Avenhorn;
WP1128;1;RegioS;108;Axel;
WP2202;1;RegioS;109;Azewijn;
WP2621;2;RegioS;110;Baaiduinen;
WP2008;2;RegioS;111;Baaium;
WP1527;2;RegioS;112;Baak;
WP1333;2;RegioS;113;Baambrugge;
WP2009;2;RegioS;114;Baard;
WP1251;2;RegioS;115;Baarland;
WP2883;2;RegioS;116;Baarle-Nassau;
WP2602;2;RegioS;117;Baarlo;
WP2691;2;RegioS;118;Baarlo;
WP1092;2;RegioS;119;Baarn;
WP2692;2;RegioS;120;Baars;
WP1298;2;RegioS;121;Babberich;
WP1951;2;RegioS;122;Babyloniënbroek;
WP1420;2;RegioS;123;Bad Nieuweschans;
WP1617;2;RegioS;124;Badhoevedorp;
WP2940;2;RegioS;125;Baexem;
WP2465;2;RegioS;126;Baflo;
WP2090;2;RegioS;127;Bakel;
WP1673;2;RegioS;128;Bakhuizen;
WP3342;2;RegioS;129;Bakkeveen;
WP2570;2;RegioS;130;Balgoij;
WP3005;2;RegioS;131;Balinge;
WP1674;2;RegioS;132;Balk;
WP1540;2;RegioS;133;Balkbrug;
WP1153;2;RegioS;134;Balloërveld;
WP1152;2;RegioS;135;Balloo;
WP2587;2;RegioS;136;Ballum;
WP3067;2;RegioS;137;Baneheide;
WP1690;2;RegioS;138;Banholt;
WP1272;2;RegioS;139;Bant;
WP2239;2;RegioS;140;Bantega;
WP1335;2;RegioS;141;Barchem;
WP1594;2;RegioS;142;Barendrecht;
WP1987;2;RegioS;143;Barger-Compascuum;
WP3597;2;RegioS;144;Barneveld;
WP2514;2;RegioS;145;Barsingerhorn;
WP2693;2;RegioS;146;Basse;
WP2568;2;RegioS;147;Batenburg;
WP2854;2;RegioS;148;Bathmen;
WP3624;2;RegioS;149;Bavel;
WP3437;2;RegioS;150;Bavel AC;
WP2010;2;RegioS;151;Bears;
WP2829;2;RegioS;152;Bedum;
WP1918;2;RegioS;153;Beegden;
WP2872;2;RegioS;154;Beek;
WP2203;2;RegioS;155;Beek;
WP1670;2;RegioS;156;Beek;
WP1446;2;RegioS;157;Beek en Donk;
WP2258;2;RegioS;158;Beekbergen;
WP2254;2;RegioS;159;Beemte Broekland;
WP1449;2;RegioS;160;Beers NB;
WP3508;2;RegioS;161;Beerta;
WP2548;2;RegioS;162;Beerze;
WP2549;2;RegioS;163;Beerzerveld;
WP3213;2;RegioS;164;Beesd;
WP1950;2;RegioS;165;Beesel;
WP1837;2;RegioS;166;Beets;
WP3343;2;RegioS;167;Beetsterzwaag;
WP3006;2;RegioS;168;Beilen;
WP1610;2;RegioS;169;Beinsdorp;
WP1476;2;RegioS;170;Belfeld;
WP2231;2;RegioS;171;Bellingwolde;
WP1661;2;RegioS;172;Beltrum;
WP2694;2;RegioS;173;Belt-Schutsloot;
WP1691;2;RegioS;174;Bemelen;
WP3131;2;RegioS;175;Bemmel;
WP1769;2;RegioS;176;Beneden-Leeuwen;
WP3533;2;RegioS;177;Bennebroek;
WP2766;2;RegioS;178;Bennekom;
WP2146;2;RegioS;179;Benneveld;
WP3148;2;RegioS;180;Benningbroek;
WP1958;2;RegioS;181;Benschop;
WP1439;2;RegioS;182;Bentelo;
WP2853;2;RegioS;183;Benthuizen;
WP1306;2;RegioS;184;Bentveld;
WP3618;2;RegioS;185;Berg en Dal;
WP1716;2;RegioS;186;Berg en Terblijt;
WP2365;2;RegioS;187;Bergambacht;
WP1457;2;RegioS;188;Bergeijk;
WP3047;2;RegioS;189;Bergen (NH);
WP3046;2;RegioS;190;Bergen aan Zee;
WP1121;2;RegioS;191;Bergen L;
WP1937;2;RegioS;192;Bergen op Zoom;
WP1541;2;RegioS;193;Bergentheim;
WP2565;2;RegioS;194;Bergharen;
WP3250;2;RegioS;195;Berghem;
WP1688;2;RegioS;196;Bergschenhoek;
WP3438;2;RegioS;197;Beringe;
WP1687;2;RegioS;198;Berkel en Rodenrijs;
WP1044;2;RegioS;199;Berkel-Enschot;
WP2366;2;RegioS;200;Berkenwoude;
WP1184;2;RegioS;201;Berkhout;
WP2057;2;RegioS;202;Berlicum;
WP2724;2;RegioS;203;Berltsum;
WP2627;2;RegioS;204;Bern;
WP1456;2;RegioS;205;Best;
WP1214;2;RegioS;206;Beugen;
WP1711;2;RegioS;207;Beuningen;
WP2751;2;RegioS;208;Beuningen Gld;
WP3371;2;RegioS;209;Beusichem;
WP1230;2;RegioS;210;Beutenaken;
WP2735;2;RegioS;211;Beverwijk;
WP2429;2;RegioS;212;Biddinghuizen;
WP3232;2;RegioS;213;Bierum;
WP1129;2;RegioS;214;Biervliet;
WP2975;2;RegioS;215;Biervliet;
WP1309;2;RegioS;216;Biest-Houtakker;
WP1425;2;RegioS;217;Biezenmortel;
WP2775;2;RegioS;218;Biggekerke;
WP2934;2;RegioS;219;De Bilt;
WP2935;2;RegioS;220;Bilthoven;
WP2845;2;RegioS;221;Bingelrade;
WP2722;2;RegioS;222;Bitgum;
WP2723;2;RegioS;223;Bitgummole;
WP1064;2;RegioS;224;Bladel;
WP2695;2;RegioS;225;Blankenham;
WP2828;2;RegioS;226;Blaricum;
WP3509;2;RegioS;227;Blauwestad;
WP2401;2;RegioS;228;Blauwhuis;
WP1689;2;RegioS;229;Bleiswijk;
WP1720;2;RegioS;230;Blesdijke;
WP1980;2;RegioS;231;Bleskensgraaf ca;
WP1722;2;RegioS;232;De Blesse;
WP2725;2;RegioS;233;Blessum;
WP3199;2;RegioS;234;Blije;
WP2232;2;RegioS;235;Blijham;
WP1856;2;RegioS;236;Blitterswijck;
WP2654;2;RegioS;237;Bloemendaal;
WP3613;2;RegioS;238;Blokker;
WP2696;2;RegioS;239;Blokzijl;
WP3389;2;RegioS;240;Boarnwert;
WP2011;2;RegioS;241;Boazum;
WP3066;2;RegioS;242;Bocholtz;
WP2665;2;RegioS;243;Bodegraven;
WP3138;2;RegioS;244;Boekel;
WP3174;2;RegioS;245;Boelenslaan;
WP1371;2;RegioS;246;Boer;
WP1829;2;RegioS;247;Ten Boer;
WP2259;2;RegioS;248;Boerakker;
WP1615;2;RegioS;249;Boesingheliede;
WP1721;2;RegioS;250;Boijl;
WP2726;2;RegioS;251;Boksum;
WP2079;2;RegioS;252;Bolsward;
WP2132;2;RegioS;253;Den Bommel;
WP2193;2;RegioS;254;Bontebok;
WP3275;2;RegioS;255;Boornbergum;
WP2485;2;RegioS;256;Boornzwaag;
WP1659;2;RegioS;257;Borculo;
WP1782;2;RegioS;258;Borger;
WP1242;2;RegioS;259;Borgercompagnie;
WP2275;2;RegioS;260;Borgercompagnie;
WP3233;2;RegioS;261;Borgsweer;
WP2808;2;RegioS;262;Born;
WP3511;2;RegioS;263;Borne;
WP1926;2;RegioS;264;Bornerbroek;
WP1252;2;RegioS;265;Borssele;
WP2823;2;RegioS;266;Bosch en Duin;
WP3105;2;RegioS;267;Boschoord;
WP2998;2;RegioS;268;Boskoop;
WP1249;2;RegioS;269;Bosschenhoofd;
WP3080;2;RegioS;270;Botlek Rotterdam;
WP2294;2;RegioS;271;Bourtange;
WP1102;2;RegioS;272;Bovenkarspel;
WP1770;2;RegioS;273;Boven-Leeuwen;
WP3007;2;RegioS;274;Bovensmilde;
WP1215;2;RegioS;275;Boxmeer;
WP2439;2;RegioS;276;Boxtel;
WP2204;2;RegioS;277;Braamt;
WP2628;2;RegioS;278;Brakel;
WP1981;2;RegioS;279;Brandwijk;
WP3390;2;RegioS;280;Brantgum;
WP3622;2;RegioS;281;Breda;
WP1194;2;RegioS;282;Bredevoort;
WP1587;2;RegioS;283;Breedenbroek;
WP3186;2;RegioS;284;Breezand;
WP2303;2;RegioS;285;Breezanddijk;
WP2965;2;RegioS;286;Breskens;
WP1392;2;RegioS;287;Breukelen;
WP3004;2;RegioS;288;Breukeleveen;
WP2368;2;RegioS;289;Brielle;
WP2115;2;RegioS;290;Briltil;
WP3225;2;RegioS;291;Britsum;
WP2012;2;RegioS;292;Britswert;
WP2486;2;RegioS;293;Broek;
WP1940;2;RegioS;294;Broek in Waterland;
WP1116;2;RegioS;295;Broek op Langedijk;
WP1027;2;RegioS;296;Broekhuizen;
WP1086;2;RegioS;297;Broekhuizen;
WP1028;2;RegioS;298;Broekhuizenvorst;
WP1497;2;RegioS;299;Broekland;
WP3265;2;RegioS;300;Broeksterwâld;
WP1530;2;RegioS;301;Bronkhorst;
WP1783;2;RegioS;302;Bronneger;
WP1784;2;RegioS;303;Bronnegerveen;
WP2674;2;RegioS;304;Brouwershaven;
WP2629;2;RegioS;305;Bruchem;
WP1542;2;RegioS;306;Brucht;
WP3609;2;RegioS;307;Bruchterveld;
WP3320;2;RegioS;308;Bruinehaar;
WP2675;2;RegioS;309;Bruinisse;
WP1111;2;RegioS;310;Brummen;
WP2849;2;RegioS;311;Brunssum;
WP3008;2;RegioS;312;Bruntinge;
WP2809;2;RegioS;313;Buchten;
WP1571;2;RegioS;314;Budel;
WP1573;2;RegioS;315;Budel-Dorplein;
WP1572;2;RegioS;316;Budel-Schoot;
WP2941;2;RegioS;317;Buggenum;
WP1785;2;RegioS;318;Buinen;
WP1786;2;RegioS;319;Buinerveen;
WP1607;2;RegioS;320;Buitenkaag;
WP3175;2;RegioS;321;Buitenpost;
WP2697;2;RegioS;322;De Bult;
WP1461;2;RegioS;323;Bunde;
WP2914;2;RegioS;324;Bunne;
WP2603;2;RegioS;325;Bunnik;
WP2237;2;RegioS;326;Bunschoten-Spakenburg;
WP3200;2;RegioS;327;Burdaard;
WP3372;2;RegioS;328;Buren;
WP2589;2;RegioS;329;Buren;
WP2740;2;RegioS;330;Den Burg;
WP2762;2;RegioS;331;Burgerbrug;
WP1603;2;RegioS;332;Burgerveen;
WP2676;2;RegioS;333;Burgh-Haamstede;
WP2451;2;RegioS;334;Burgum;
WP2304;2;RegioS;335;Burgwerd;
WP3308;2;RegioS;336;Burum;
WP1331;2;RegioS;337;Bussum;
WP3373;2;RegioS;338;Buurmalsen;
WP3532;2;RegioS;339;Buurmalsen;
WP1692;3;RegioS;340;Cadier en Keer;
WP2964;3;RegioS;341;Cadzand;
WP2757;3;RegioS;342;Callantsoog;
WP1105;3;RegioS;343;Capelle aan den IJssel;
WP2885;3;RegioS;344;Castelre;
WP2328;3;RegioS;345;Castenray;
WP1067;3;RegioS;346;Casteren;
WP2268;3;RegioS;347;Castricum;
WP3433;3;RegioS;348;Chaam;
WP3092;3;RegioS;349;Clinge;
WP2737;3;RegioS;350;De Cocksdorp;
WP2147;3;RegioS;351;Coevorden;
WP3190;3;RegioS;352;Colijnsplaat;
WP1544;3;RegioS;353;Collendoorn;
WP2855;3;RegioS;354;Colmschate;
WP2305;3;RegioS;355;Cornwerd;
WP1304;3;RegioS;356;Cothen;
WP1281;3;RegioS;357;Creil;
WP1620;3;RegioS;358;Cromvoirt;
WP1612;3;RegioS;359;Cruquius;
WP1450;3;RegioS;360;Cuijk;
WP2052;3;RegioS;361;Culemborg;
WP1038;4;RegioS;362;Daarle;
WP1039;4;RegioS;363;Daarlerveen;
WP2300;4;RegioS;364;Dalem;
WP2148;4;RegioS;365;Dalen;
WP2149;4;RegioS;366;Dalerpeel;
WP2150;4;RegioS;367;Dalerveen;
WP1237;4;RegioS;368;Dalfsen;
WP2550;4;RegioS;369;Dalmsholte;
WP3266;4;RegioS;370;Damwâld;
WP3106;4;RegioS;371;Darp;
WP2526;4;RegioS;372;Dearsum;
WP1546;4;RegioS;373;Dedemsvaart;
WP2306;4;RegioS;374;Dedgum;
WP2773;4;RegioS;375;Deelen;
WP2903;4;RegioS;376;Deest;
WP3217;4;RegioS;377;Deil;
WP2727;4;RegioS;378;Deinum;
WP1440;4;RegioS;379;Delden;
WP1143;4;RegioS;380;Delfgauw;
WP2240;4;RegioS;381;Delfstrahuizen;
WP2138;4;RegioS;382;Delft;
WP3234;4;RegioS;383;Delfzijl;
WP2630;4;RegioS;384;Delwijnen;
WP3260;4;RegioS;385;Demen;
WP1408;4;RegioS;386;Denekamp;
WP1774;4;RegioS;387;Deurne;
WP1669;4;RegioS;388;Deurningen;
WP1409;4;RegioS;389;Deurningen;
WP3256;4;RegioS;390;Deursen-Dennenburg;
WP1154;4;RegioS;391;Deurze;
WP2856;4;RegioS;392;Deventer;
WP2205;4;RegioS;393;Didam;
WP3259;4;RegioS;394;Dieden;
WP2144;4;RegioS;395;Diemen;
WP1441;4;RegioS;396;Diepenheim;
WP2857;4;RegioS;397;Diepenveen;
WP1504;4;RegioS;398;Dieren;
WP1308;4;RegioS;399;Diessen;
WP3107;4;RegioS;400;Diever;
WP3108;4;RegioS;401;Dieverbrug;
WP1548;4;RegioS;402;Diffelen;
WP2487;4;RegioS;403;Dijken;
WP1402;4;RegioS;404;Dinteloord;
WP1196;4;RegioS;405;Dinxperlo;
WP2152;4;RegioS;406;Diphoorn;
WP3289;4;RegioS;407;Dirkshorn;
WP2377;4;RegioS;408;Dirksland;
WP1094;4;RegioS;409;Dodewaard;
WP2100;4;RegioS;410;Doenrade;
WP2142;4;RegioS;411;Doesburg;
WP3246;4;RegioS;412;Doetinchem;
WP3514;4;RegioS;413;Doeveren;
WP2174;4;RegioS;414;Doezum;
WP3391;4;RegioS;415;Dokkum;
WP2822;4;RegioS;416;Den Dolder;
WP3109;4;RegioS;417;Doldersum;
WP2776;4;RegioS;418;Domburg;
WP2916;4;RegioS;419;Donderen;
WP2799;4;RegioS;420;Dongen;
WP1372;4;RegioS;421;Dongjum;
WP2488;4;RegioS;422;Doniaga;
WP1754;4;RegioS;423;Donkerbroek;
WP3339;4;RegioS;424;Doorn;
WP3134;4;RegioS;425;Doornenburg;
WP1846;4;RegioS;426;Doornspijk;
WP2986;4;RegioS;427;Doorwerth;
WP2351;4;RegioS;428;Dordrecht;
WP2959;4;RegioS;429;Dorst;
WP3279;4;RegioS;430;Drachten;
WP3344;4;RegioS;431;Drachten-Azeven;
WP3280;4;RegioS;432;Drachtstercompagnie;
WP2677;4;RegioS;433;Dreischor;
WP1520;4;RegioS;434;Drempt;
WP1771;4;RegioS;435;Dreumel;
WP3335;4;RegioS;436;Driebergen-Rijsenburg;
WP1422;4;RegioS;437;Drieborg;
WP2477;4;RegioS;438;Driebruggen;
WP2836;4;RegioS;439;Driehuis NH;
WP1886;4;RegioS;440;Driehuizen;
WP1863;4;RegioS;441;Driel;
WP1253;4;RegioS;442;Driewegen;
WP3268;4;RegioS;443;Driezum;
WP3009;4;RegioS;444;Drijber;
WP2574;4;RegioS;445;Drimmelen;
WP3176;4;RegioS;446;Drogeham;
WP3163;4;RegioS;447;Drogteropslagen;
WP1952;4;RegioS;448;Drongelen;
WP2729;4;RegioS;449;Dronryp;
WP2430;4;RegioS;450;Dronten;
WP1787;4;RegioS;451;Drouwen;
WP1788;4;RegioS;452;Drouwenermond;
WP1789;4;RegioS;453;Drouwenerveen;
WP3589;4;RegioS;454;Drunen;
WP2904;4;RegioS;455;Druten;
WP2096;4;RegioS;456;Duiven;
WP3568;4;RegioS;457;Duivendrecht;
WP2992;4;RegioS;458;Duizel;
WP2058;4;RegioS;459;Den Dungen;
WP2214;4;RegioS;460;Dussen;
WP3110;4;RegioS;461;Dwingeloo;
WP2524;5;RegioS;462;Eagum;
WP3388;5;RegioS;463;Eanjum;
WP2456;5;RegioS;464;Earnewâld;
WP2013;5;RegioS;465;Easterein;
WP2014;5;RegioS;466;Easterlittens;
WP2454;5;RegioS;467;Eastermar;
WP3407;5;RegioS;468;Easternijtsjerk;
WP2015;5;RegioS;469;Easterwierrum;
WP3408;5;RegioS;470;Eastrum;
WP2041;5;RegioS;471;Echt;
WP3524;5;RegioS;472;Echteld;
WP3164;5;RegioS;473;Echten;
WP2241;5;RegioS;474;Echten;
WP2242;5;RegioS;475;Echtenerbrug;
WP3374;5;RegioS;476;Eck en Wiel;
WP1693;5;RegioS;477;Eckelrade;
WP1747;5;RegioS;478;Edam;
WP2764;5;RegioS;479;Ede;
WP2769;5;RegioS;480;Ederveen;
WP2966;5;RegioS;481;Eede;
WP1336;5;RegioS;482;Eefde;
WP2909;5;RegioS;483;Eelde;
WP2911;5;RegioS;484;Eelderwolde;
WP2238;5;RegioS;485;Eemdijk;
WP1037;5;RegioS;486;Eemnes;
WP3473;5;RegioS;487;Eemshaven;
WP1634;5;RegioS;488;Een;
WP3415;5;RegioS;489;Eenrum;
WP3444;5;RegioS;490;Eenum;
WP1635;5;RegioS;491;Een-West;
WP1114;5;RegioS;492;Eerbeek;
WP2993;5;RegioS;493;Eersel;
WP1790;5;RegioS;494;Ees;
WP1791;5;RegioS;495;Eesergroen;
WP1792;5;RegioS;496;Eeserveen;
WP2243;5;RegioS;497;Eesterga;
WP2699;5;RegioS;498;Eesveen;
WP1953;5;RegioS;499;Eethen;
WP1155;5;RegioS;500;Eext;
WP1156;5;RegioS;501;Eexterveen;
WP1157;5;RegioS;502;Eexterveenschekanaal;
WP1158;5;RegioS;503;Eexterzandvoort;
WP3439;5;RegioS;504;Egchel;
WP3048;5;RegioS;505;Egmond aan den Hoef;
WP3049;5;RegioS;506;Egmond aan Zee;
WP3050;5;RegioS;507;Egmond-Binnen;
WP1662;5;RegioS;508;Eibergen;
WP1700;5;RegioS;509;Eijsden;
WP1101;5;RegioS;510;Eindhoven;
WP2810;5;RegioS;511;Einighausen;
WP1159;5;RegioS;512;Ekehaar;
WP1675;5;RegioS;513;Elahuizen;
WP1844;5;RegioS;514;Elburg;
WP1160;5;RegioS;515;Eldersloo;
WP1161;5;RegioS;516;Eleveld;
WP1811;5;RegioS;517;Elim;
WP1235;5;RegioS;518;Elkenrade;
WP2942;5;RegioS;519;Ell;
WP1503;5;RegioS;520;Ellecom;
WP2678;5;RegioS;521;Ellemeet;
WP1793;5;RegioS;522;Ellertshaar;
WP1254;5;RegioS;523;Ellewoutsdijk;
WP3010;5;RegioS;524;Elp;
WP2095;5;RegioS;525;Elsendorp;
WP3590;5;RegioS;526;Elshout;
WP1755;5;RegioS;527;Elsloo;
WP1914;5;RegioS;528;Elsloo;
WP2983;5;RegioS;529;Elspeet;
WP1864;5;RegioS;530;Elst;
WP1400;5;RegioS;531;Elst Ut;
WP1271;5;RegioS;532;Emmeloord;
WP1988;5;RegioS;533;Emmen;
WP1989;5;RegioS;534;Emmer-Compascuum;
WP1109;5;RegioS;535;Empe;
WP1346;5;RegioS;536;Emst;
WP2754;5;RegioS;537;Enkhuizen;
WP1276;5;RegioS;538;Ens;
WP1145;5;RegioS;539;Enschede;
WP3216;5;RegioS;540;Enspijk;
WP1088;5;RegioS;541;Enter;
WP2340;5;RegioS;542;Enumatil;
WP1344;5;RegioS;543;Epe;
WP1232;5;RegioS;544;Epen;
WP3474;5;RegioS;545;Eppenhuizen;
WP1337;5;RegioS;546;Epse;
WP1990;5;RegioS;547;Erica;
WP3375;5;RegioS;548;Erichem;
WP2874;5;RegioS;549;Erlecom;
WP2153;5;RegioS;550;Erm;
WP2573;5;RegioS;551;Ermelo;
WP2826;5;RegioS;552;Erp;
WP1311;5;RegioS;553;Esbeek;
WP1426;5;RegioS;554;Esch;
WP3195;5;RegioS;555;Escharen;
WP1280;5;RegioS;556;Espel;
WP3359;5;RegioS;557;Est;
WP1581;5;RegioS;558;Etten;
WP1010;5;RegioS;559;Etten-Leur;
WP3081;5;RegioS;560;Europoort Rotterdam;
WP3165;5;RegioS;561;Eursinge;
WP3011;5;RegioS;562;Eursinge;
WP2840;5;RegioS;563;Everdingen;
WP1517;5;RegioS;564;Evertsoord;
WP2752;5;RegioS;565;Ewijk;
WP1779;5;RegioS;566;1e Exloërmond;
WP1780;5;RegioS;567;2e Exloërmond;
WP1794;5;RegioS;568;Exloërveen;
WP1795;5;RegioS;569;Exloo;
WP2307;5;RegioS;570;Exmorra;
WP2650;5;RegioS;571;Eygelshoven;
WP1234;5;RegioS;572;Eys;
WP2467;5;RegioS;573;Ezinge;
WP3267;6;RegioS;574;De Falom;
WP3235;6;RegioS;575;Farmsum;
WP3315;6;RegioS;576;Feankleaster;
WP3271;6;RegioS;577;Feanwâlden;
WP2468;6;RegioS;578;Feerwerd;
WP3226;6;RegioS;579;Feinsum;
WP3201;6;RegioS;580;Ferwert;
WP2308;6;RegioS;581;Ferwoude;
WP1321;6;RegioS;582;Fijnaart;
WP1419;6;RegioS;583;Finsterwolde;
WP1378;6;RegioS;584;Firdgum;
WP1284;6;RegioS;585;Fleringen;
WP1812;6;RegioS;586;Fluitenberg;
WP1756;6;RegioS;587;Fochteloo;
WP2244;6;RegioS;588;Follega;
WP2402;6;RegioS;589;Folsgare;
WP2617;6;RegioS;590;Formerum;
WP3394;6;RegioS;591;Foudgum;
WP1017;6;RegioS;592;Foxhol;
WP1636;6;RegioS;593;Foxwolde;
WP1366;6;RegioS;594;Franeker;
WP3111;6;RegioS;595;Frederiksoord;
WP2527;6;RegioS;596;Friens;
WP3345;6;RegioS;597;Frieschepalen;
WP1348;6;RegioS;598;Froombosch;
WP3247;7;RegioS;599;Gaanderen;
WP2309;7;RegioS;600;Gaast;
WP2403;7;RegioS;601;Gaastmeer;
WP3434;7;RegioS;602;Galder;
WP2631;7;RegioS;603;Gameren;
WP2777;7;RegioS;604;Gapinge;
WP1057;7;RegioS;605;Garderen;
WP1831;7;RegioS;606;Garmerwolde;
WP3012;7;RegioS;607;Garminge;
WP2469;7;RegioS;608;Garnwerd;
WP3445;7;RegioS;609;Garrelsweer;
WP3446;7;RegioS;610;Garsthuizen;
WP2455;7;RegioS;611;Garyp;
WP3196;7;RegioS;612;Gassel;
WP1162;7;RegioS;613;Gasselte;
WP1163;7;RegioS;614;Gasselternijveen;
WP1164;7;RegioS;615;Gasselternijveenschemond;
WP1570;7;RegioS;616;Gastel;
WP1165;7;RegioS;617;Gasteren;
WP2404;7;RegioS;618;Gauw;
WP1166;7;RegioS;619;Geelbroek;
WP3322;7;RegioS;620;Geerdijk;
WP3193;7;RegioS;621;Geersdijk;
WP1751;7;RegioS;622;Geertruidenberg;
WP1386;7;RegioS;623;Geervliet;
WP2154;7;RegioS;624;Gees;
WP2155;7;RegioS;625;Geesbrug;
WP1655;7;RegioS;626;Geesteren;
WP1285;7;RegioS;627;Geesteren;
WP3112;7;RegioS;628;Geeuwenbrug;
WP3610;7;RegioS;629;Geffen;
WP1857;7;RegioS;630;Geijsteren;
WP3529;7;RegioS;631;Geldermalsen;
WP2645;7;RegioS;632;Gelderswoude;
WP1126;7;RegioS;633;Geldrop;
WP3513;7;RegioS;634;Geleen;
WP3214;7;RegioS;635;Gellicum;
WP1654;7;RegioS;636;Gelselaar;
WP2089;7;RegioS;637;Gemert;
WP2059;7;RegioS;638;Gemonde;
WP1954;7;RegioS;639;Genderen;
WP1585;7;RegioS;640;Gendringen;
WP3132;7;RegioS;641;Gendt;
WP2198;7;RegioS;642;Genemuiden;
WP2482;7;RegioS;643;Gennep;
WP3177;7;RegioS;644;Gerkesklooster;
WP2185;7;RegioS;645;Gersloot;
WP1462;7;RegioS;646;Geulle;
WP1300;7;RegioS;647;Giesbeek;
WP3302;7;RegioS;648;Giessen;
WP1433;7;RegioS;649;Giessenburg;
WP1167;7;RegioS;650;Gieten;
WP1168;7;RegioS;651;Gieterveen;
WP2551;7;RegioS;652;Giethmen;
WP2700;7;RegioS;653;Giethoorn;
WP2067;7;RegioS;654;Gilze;
WP3202;7;RegioS;655;Ginnum;
WP1712;7;RegioS;656;Glane;
WP1267;7;RegioS;657;Glimmen;
WP1061;7;RegioS;658;De Glind;
WP3236;7;RegioS;659;Godlinze;
WP2931;7;RegioS;660;Goedereede;
WP2405;7;RegioS;661;Goënga;
WP3281;7;RegioS;662;Goëngahuizen;
WP1824;7;RegioS;663;Goes;
WP2489;7;RegioS;664;Goingarijp;
WP2880;7;RegioS;665;Goirle;
WP1442;7;RegioS;666;Goor;
WP1185;7;RegioS;667;De Goorn;
WP2299;7;RegioS;668;Gorinchem;
WP3346;7;RegioS;669;Gorredijk;
WP1338;7;RegioS;670;Gorssel;
WP1005;7;RegioS;671;Gouda;
WP2374;7;RegioS;672;Gouderak;
WP3627;7;RegioS;673;Goudriaan;
WP2886;7;RegioS;674;Goudswaard;
WP3616;7;RegioS;675;Goutum;
WP2054;7;RegioS;676;'t Goy;
WP3094;7;RegioS;677;Graauw;
WP2896;7;RegioS;678;Grafhorst;
WP1903;7;RegioS;679;Graft;
WP1549;7;RegioS;680;Gramsbergen;
WP3440;7;RegioS;681;Grashoek;
WP2943;7;RegioS;682;Grathem;
WP3197;7;RegioS;683;Grave;
WP3000;7;RegioS;684;'s-Graveland;
WP2380;7;RegioS;685;'s-Gravendeel;
WP1245;7;RegioS;686;'s-Gravenhage;
WP2800;7;RegioS;687;'s Gravenmoer;
WP1263;7;RegioS;688;'s-Gravenpolder;
WP2662;7;RegioS;689;'s-Gravenzande;
WP2406;7;RegioS;690;Greonterp;
WP2812;7;RegioS;691;Grevenbicht;
WP1029;7;RegioS;692;Griendtsveen;
WP2118;7;RegioS;693;Grijpskerk;
WP2778;7;RegioS;694;Grijpskerke;
WP2967;7;RegioS;695;Groede;
WP2937;7;RegioS;696;Groenekan;
WP1216;7;RegioS;697;Groeningen;
WP2224;7;RegioS;698;Groenlo;
WP2291;7;RegioS;699;Groesbeek;
WP2097;7;RegioS;700;Groessen;
WP3044;7;RegioS;701;Groet;
WP2924;7;RegioS;702;De Groeve;
WP1169;7;RegioS;703;Grolloo;
WP1070;7;RegioS;704;Groningen;
WP1701;7;RegioS;705;Gronsveld;
WP1806;7;RegioS;706;Groot-Ammers;
WP1103;7;RegioS;707;Grootebroek;
WP2175;7;RegioS;708;Grootegast;
WP1887;7;RegioS;709;Grootschermer;
WP3602;7;RegioS;710;Grou;
WP1030;7;RegioS;711;Grubbenvorst;
WP1225;7;RegioS;712;Gulpen;
WP2813;7;RegioS;713;Guttecoven;
WP2444;7;RegioS;714;Gytsjerk;
WP3360;8;RegioS;715;Haaften;
WP2347;8;RegioS;716;Haaksbergen;
WP3136;8;RegioS;717;Haalderen;
WP2164;8;RegioS;718;'t Haantje;
WP1427;8;RegioS;719;Haaren;
WP1286;8;RegioS;720;Haarle;
WP1040;8;RegioS;721;Haarle;
WP2907;8;RegioS;722;Haarlem;
WP2641;8;RegioS;723;Haarlemmerliede;
WP1660;8;RegioS;724;Haarlo;
WP3500;8;RegioS;725;Haarsteeg;
WP3298;8;RegioS;726;Haarzuilens;
WP2387;8;RegioS;727;Haastrecht;
WP2944;8;RegioS;728;Haelen;
WP3625;8;RegioS;729;Hagestein;
WP1310;8;RegioS;730;Haghorst;
WP2945;8;RegioS;731;Haler;
WP2643;8;RegioS;732;Halfweg;
WP1113;8;RegioS;733;Hall;
WP3575;8;RegioS;734;Halle;
WP3203;8;RegioS;735;Hallum;
WP1938;8;RegioS;736;Halsteren;
WP2116;8;RegioS;737;Den Ham;
WP3321;8;RegioS;738;Den Ham;
WP2092;8;RegioS;739;Handel;
WP2215;8;RegioS;740;Hank;
WP3461;8;RegioS;741;Hansweert;
WP3395;8;RegioS;742;Hantum;
WP3396;8;RegioS;743;Hantumerútbuorren;
WP3397;8;RegioS;744;Hantumhuzen;
WP1065;8;RegioS;745;Hapert;
WP1451;8;RegioS;746;Haps;
WP1287;8;RegioS;747;Harbrinkhoek;
WP1845;8;RegioS;748;'t Harde;
WP3608;8;RegioS;749;Hardenberg;
WP3222;8;RegioS;750;Harderwijk;
WP3031;8;RegioS;751;Hardinxveld-Giessendam;
WP3253;8;RegioS;752;Haren;
WP1266;8;RegioS;753;Haren Gn;
WP1339;8;RegioS;754;Harfsen;
WP1676;8;RegioS;755;Harich;
WP2515;8;RegioS;756;Haringhuizen;
WP3178;8;RegioS;757;Harkema;
WP1349;8;RegioS;758;Harkstede;
WP3635;8;RegioS;759;Harkstede GN;
WP2891;8;RegioS;760;Harlingen;
WP1072;8;RegioS;761;Harmelen;
WP2228;8;RegioS;762;Harreveld;
WP2768;8;RegioS;763;Harskamp;
WP2310;8;RegioS;764;Hartwerd;
WP2490;8;RegioS;765;Haskerdijken;
WP2491;8;RegioS;766;Haskerhorne;
WP2199;8;RegioS;767;Hasselt;
WP2882;8;RegioS;768;Hattem;
WP3069;8;RegioS;769;Hattemerbroek;
WP3576;8;RegioS;770;Haule;
WP3577;8;RegioS;771;Haulerwijk;
WP3566;8;RegioS;772;Hauwert;
WP3113;8;RegioS;773;Havelte;
WP3114;8;RegioS;774;Havelterberg;
WP2852;8;RegioS;775;Hazerswoude-Dorp;
WP2851;8;RegioS;776;Hazerswoude-Rijndijk;
WP1625;8;RegioS;777;Hedel;
WP3515;8;RegioS;778;Hedikhuizen;
WP2623;8;RegioS;779;Hee;
WP2407;8;RegioS;780;Heeg;
WP1917;8;RegioS;781;Heel;
WP2987;8;RegioS;782;Heelsum;
WP1576;8;RegioS;783;Heelweg;
WP1551;8;RegioS;784;Heemserveen;
WP2458;8;RegioS;785;Heemskerk;
WP2563;8;RegioS;786;Heemstede;
WP1401;8;RegioS;787;De Heen;
WP1387;8;RegioS;788;Heenvliet;
WP1264;8;RegioS;789;'s-Heer Abtskerke;
WP1822;8;RegioS;790;'s-Heer Arendskerke;
WP1823;8;RegioS;791;'s-Heer Hendrikskinderen;
WP2865;8;RegioS;792;Heerde;
WP2206;8;RegioS;793;'s-Heerenberg;
WP2899;8;RegioS;794;'s-Heerenbroek;
WP1265;8;RegioS;795;'s-Heerenhoek;
WP3523;8;RegioS;796;Heerenveen;
WP1626;8;RegioS;797;Heerewaarden;
WP1746;8;RegioS;798;Heerhugowaard;
WP2398;8;RegioS;799;Heerjansdam;
WP1590;8;RegioS;800;Heerle;
WP1312;8;RegioS;801;Heerlen;
WP3516;8;RegioS;802;Heesbeen;
WP3059;8;RegioS;803;Heesch;
WP3361;8;RegioS;804;Heesselt;
WP3060;8;RegioS;805;Heeswijk-Dinther;
WP1498;8;RegioS;806;Heeten;
WP1314;8;RegioS;807;Heeze;
WP3204;8;RegioS;808;Hegebeintum;
WP1031;8;RegioS;809;Hegelsom;
WP2109;8;RegioS;810;Hei- en Boeicop;
WP2946;8;RegioS;811;Heibloem;
WP2329;8;RegioS;812;Heide;
WP1973;8;RegioS;813;It Heidenskip;
WP2663;8;RegioS;814;Ter Heijde;
WP2483;8;RegioS;815;Heijen;
WP1228;8;RegioS;816;Heijenrath;
WP1318;8;RegioS;817;Heijningen;
WP3091;8;RegioS;818;Heikant;
WP2292;8;RegioS;819;Heilig Landstichting;
WP1899;8;RegioS;820;Heiligerlee;
WP1243;8;RegioS;821;Heiloo;
WP2381;8;RegioS;822;Heinenoord;
WP1255;8;RegioS;823;Heinkenszand;
WP1492;8;RegioS;824;Heino;
WP3033;8;RegioS;825;Hekelingen;
WP1909;8;RegioS;826;Hekendorp;
WP3441;8;RegioS;827;Helden;
WP3056;8;RegioS;828;Den Helder;
WP1778;8;RegioS;829;Helenaveen;
WP3583;8;RegioS;830;Hellendoorn;
WP2137;8;RegioS;831;Hellevoetsluis;
WP3362;8;RegioS;832;Hellouw;
WP1350;8;RegioS;833;Hellum;
WP1146;8;RegioS;834;Helmond;
WP1428;8;RegioS;835;Helvoirt;
WP1507;8;RegioS;836;Hem;
WP1970;8;RegioS;837;Hemelum;
WP1865;8;RegioS;838;Hemmen;
WP1202;8;RegioS;839;Hempens;
WP3347;8;RegioS;840;Hemrik;
WP2352;8;RegioS;841;Hendrik-Ido-Ambacht;
WP3510;8;RegioS;842;Hengelo;
WP1535;8;RegioS;843;Hengelo (Gld);
WP1443;8;RegioS;844;Hengevelde;
WP3098;8;RegioS;845;Hengstdijk;
WP1186;8;RegioS;846;Hensbroek;
WP1365;8;RegioS;847;Herbaijum;
WP2590;8;RegioS;848;Herkenbosch;
WP2378;8;RegioS;849;Herkingen;
WP2566;8;RegioS;850;Hernen;
WP3255;8;RegioS;851;Herpen;
WP3517;8;RegioS;852;Herpt;
WP2282;8;RegioS;853;Herten;
WP3570;8;RegioS;854;Hertme;
WP1595;8;RegioS;855;'s-Hertogenbosch;
WP1866;8;RegioS;856;Herveld;
WP2977;8;RegioS;857;Herwen;
WP2354;8;RegioS;858;Herwijnen;
WP1867;8;RegioS;859;Heteren;
WP2648;8;RegioS;860;Heukelom;
WP2355;8;RegioS;861;Heukelum;
WP3495;8;RegioS;862;Heumen;
WP1195;8;RegioS;863;De Heurne;
WP2929;8;RegioS;864;Heusden;
WP3518;8;RegioS;865;Heusden;
WP2988;8;RegioS;866;Heveadorp;
WP2947;8;RegioS;867;Heythuysen;
WP1288;8;RegioS;868;Hezingen;
WP3398;8;RegioS;869;Hiaure;
WP2311;8;RegioS;870;Hichtum;
WP2016;8;RegioS;871;Hidaard;
WP3223;8;RegioS;872;Hierden;
WP2312;8;RegioS;873;Hieslum;
WP3013;8;RegioS;874;Hijken;
WP3227;8;RegioS;875;Hijum;
WP2017;8;RegioS;876;Hilaard;
WP3535;8;RegioS;877;Hillegom;
WP1307;8;RegioS;878;Hilvarenbeek;
WP1036;8;RegioS;879;Hilversum;
WP1968;8;RegioS;880;Hindeloopen;
WP2018;8;RegioS;881;Hinnaard;
WP1488;8;RegioS;882;Hippolytushoef;
WP1363;8;RegioS;883;Hitzum;
WP1838;8;RegioS;884;Hobrede;
WP1256;8;RegioS;885;Hoedekenskerke;
WP3548;8;RegioS;886;de Hoef;
WP3626;8;RegioS;887;Hoef en Haag;
WP1130;8;RegioS;888;Hoek;
WP3082;8;RegioS;889;Hoek van Holland;
WP2257;8;RegioS;890;Hoenderloo;
WP2772;8;RegioS;891;Hoenderloo;
WP1313;8;RegioS;892;Hoensbroek;
WP1627;8;RegioS;893;Hoenzadriel;
WP1723;8;RegioS;894;De Hoeve;
WP2871;8;RegioS;895;Hoevelaken;
WP1250;8;RegioS;896;Hoeven;
WP1089;8;RegioS;897;Hoge Hexel;
WP2938;8;RegioS;898;Hollandsche Rading;
WP1813;8;RegioS;899;Hollandscheveld;
WP2586;8;RegioS;900;Hollum;
WP2156;8;RegioS;901;Holsloot;
WP1567;8;RegioS;902;Holten;
WP1217;8;RegioS;903;Holthees;
WP1552;8;RegioS;904;Holtheme;
WP1553;8;RegioS;905;Holthone;
WP2814;8;RegioS;906;Holtum;
WP3399;8;RegioS;907;Holwert;
WP3237;8;RegioS;908;Holwierde;
WP2408;8;RegioS;909;Hommerts;
WP1868;8;RegioS;910;Homoet;
WP2656;8;RegioS;911;Honselersdijk;
WP1597;8;RegioS;912;Hoofddorp;
WP2968;8;RegioS;913;Hoofdplaat;
WP3564;8;RegioS;914;Hoog Soeren;
WP1434;8;RegioS;915;Hoogblokland;
WP1874;8;RegioS;916;Hooge Mierde;
WP2575;8;RegioS;917;Hooge Zwaluwe;
WP1066;8;RegioS;918;Hoogeloon;
WP1554;8;RegioS;919;Hoogenweg;
WP1000;8;RegioS;920;Hoogerheide;
WP3014;8;RegioS;921;Hoogersmilde;
WP3115;8;RegioS;922;Hoogersmilde;
WP1814;8;RegioS;923;Hoogeveen;
WP1018;8;RegioS;924;Hoogezand;
WP3015;8;RegioS;925;Hooghalen;
WP1508;8;RegioS;926;Hoogkarspel;
WP1521;8;RegioS;927;Hoog-Keppel;
WP1665;8;RegioS;928;Hoogland;
WP1666;8;RegioS;929;Hooglanderveen;
WP3034;8;RegioS;930;Hoogmade;
WP3083;8;RegioS;931;Hoogvliet Rotterdam;
WP2790;8;RegioS;932;Hoogwoud;
WP3614;8;RegioS;933;Hoorn;
WP2615;8;RegioS;934;Hoorn;
WP2741;8;RegioS;935;Den Hoorn;
WP2807;8;RegioS;936;Den Hoorn;
WP1435;8;RegioS;937;Hoornaar;
WP2197;8;RegioS;938;Hoornsterzwaag;
WP2948;8;RegioS;939;Horn;
WP2117;8;RegioS;940;Den Horn;
WP3416;8;RegioS;941;Hornhuizen;
WP2905;8;RegioS;942;Horssen;
WP1032;8;RegioS;943;Horst;
WP3595;8;RegioS;944;Den Hout;
WP2053;8;RegioS;945;Houten;
WP3282;8;RegioS;946;Houtigehage;
WP3417;8;RegioS;947;Houwerzijl;
WP1001;8;RegioS;948;Huijbergen;
WP1637;8;RegioS;949;Huis ter Heide;
WP2825;8;RegioS;950;Huis ter Heide;
WP3057;8;RegioS;951;Huisduinen;
WP3257;8;RegioS;952;Huisseling;
WP3130;8;RegioS;953;Huissen;
WP1011;8;RegioS;954;Huizen;
WP3447;8;RegioS;955;Huizinge;
WP2359;8;RegioS;956;Hulsberg;
WP1875;8;RegioS;957;Hulsel;
WP2984;8;RegioS;958;Hulshorst;
WP3088;8;RegioS;959;Hulst;
WP2068;8;RegioS;960;Hulten;
WP1523;8;RegioS;961;Hummelo;
WP2019;8;RegioS;962;Húns;
WP2949;8;RegioS;963;Hunsel;
WP2449;8;RegioS;964;Hurdegaryp;
WP1628;8;RegioS;965;Hurwenen;
WP2529;9;RegioS;966;Idaerd;
WP2313;9;RegioS;967;Idsegahuizum;
WP2492;9;RegioS;968;Idskenhuizen;
WP1742;9;RegioS;969;Ter Idzard;
WP2409;9;RegioS;970;Idzega;
WP3392;9;RegioS;971;Ie;
WP2020;9;RegioS;972;Iens;
WP1048;9;RegioS;973;IJhorst;
WP2410;9;RegioS;974;IJlst;
WP2835;9;RegioS;975;IJmuiden;
WP2701;9;RegioS;976;IJsselham;
WP2895;9;RegioS;977;IJsselmuiden;
WP2432;9;RegioS;978;IJsselstein;
WP2974;9;RegioS;979;IJzendijke;
WP1099;9;RegioS;980;IJzendoorn;
WP1329;9;RegioS;981;Den Ilp;
WP1941;9;RegioS;982;Ilpendam;
WP2411;9;RegioS;983;Indijk;
WP1226;9;RegioS;984;Ingber;
WP2728;9;RegioS;985;Ingelum;
WP3376;9;RegioS;986;Ingen;
WP3393;9;RegioS;987;Ingwierrum;
WP2021;9;RegioS;988;Itens;
WP2950;9;RegioS;989;Ittervoort;
WP1959;10;RegioS;990;Jaarsveld;
WP2846;10;RegioS;991;Jabeek;
WP3205;10;RegioS;992;Jannum;
WP2022;10;RegioS;993;Jellum;
WP3228;10;RegioS;994;Jelsum;
WP2530;10;RegioS;995;Jirnsum;
WP3206;10;RegioS;996;Jislum;
WP2284;10;RegioS;997;Jisp;
WP2452;10;RegioS;998;Jistrum;
WP3348;10;RegioS;999;Jonkerslân;
WP2261;10;RegioS;1000;Jonkersvaart;
WP1340;10;RegioS;1001;Joppe;
WP2023;10;RegioS;1002;Jorwert;
WP2493;10;RegioS;1003;Joure;
WP3400;10;RegioS;1004;Jouswier;
WP2196;10;RegioS;1005;Jubbega;
WP3058;10;RegioS;1006;Julianadorp;
WP2412;10;RegioS;1007;Jutrijp;
WP3035;11;RegioS;1008;Kaag;
WP2622;11;RegioS;1009;Kaard;
WP3052;11;RegioS;1010;Kaatsheuvel;
WP2702;11;RegioS;1011;Kalenberg;
WP2703;11;RegioS;1012;Kallenkote;
WP1073;11;RegioS;1013;Kamerik;
WP2894;11;RegioS;1014;Kampen;
WP3188;11;RegioS;1015;Kamperland;
WP2900;11;RegioS;1016;Kamperveen;
WP3475;11;RegioS;1017;Kantens;
WP2560;11;RegioS;1018;Kapel Avezaath;
WP3377;11;RegioS;1019;Kapel-Avezaath;
WP1467;11;RegioS;1020;Kapelle;
WP3090;11;RegioS;1021;Kapellebrug;
WP2192;11;RegioS;1022;Katlijk;
WP3192;11;RegioS;1023;Kats;
WP1825;11;RegioS;1024;Kattendijke;
WP1707;11;RegioS;1025;Katwijk;
WP1452;11;RegioS;1026;Katwijk NB;
WP1942;11;RegioS;1027;Katwoude;
WP2273;11;RegioS;1028;Kedichem;
WP3264;11;RegioS;1029;Keent;
WP1536;11;RegioS;1030;Keijenborg;
WP2875;11;RegioS;1031;Kekerdom;
WP2951;11;RegioS;1032;Kelpen-Oler;
WP2561;11;RegioS;1033;Kerk Avezaath;
WP3378;11;RegioS;1034;Kerk-Avezaath;
WP1629;11;RegioS;1035;Kerkdriel;
WP3166;11;RegioS;1036;Kerkenveld;
WP2649;11;RegioS;1037;Kerkrade;
WP2679;11;RegioS;1038;Kerkwerve;
WP2632;11;RegioS;1039;Kerkwijk;
WP1699;11;RegioS;1040;Kessel;
WP1096;11;RegioS;1041;Kesteren;
WP2151;11;RegioS;1042;De Kiel;
WP1019;11;RegioS;1043;Kiel-Windeweer;
WP2207;11;RegioS;1044;Kilder;
WP2314;11;RegioS;1045;Kimswerd;
WP2794;11;RegioS;1046;Kinderdijk;
WP2624;11;RegioS;1047;Kinnum;
WP2371;11;RegioS;1048;Klaaswaal;
WP2248;11;RegioS;1049;Klarenbeek;
WP2606;11;RegioS;1050;Klarenbeek;
WP1991;11;RegioS;1051;Klazienaveen;
WP1992;11;RegioS;1052;Klazienaveen-Noord;
WP3492;11;RegioS;1053;Klein Zundert;
WP1796;11;RegioS;1054;Klijndijk;
WP1853;11;RegioS;1055;Klimmen;
WP1826;11;RegioS;1056;Kloetinge;
WP1468;11;RegioS;1057;Kloetinge;
WP2770;11;RegioS;1058;De Klomp;
WP1376;11;RegioS;1059;Klooster Lidlum;
WP3418;11;RegioS;1060;Kloosterburen;
WP3323;11;RegioS;1061;Kloosterhaar;
WP1555;11;RegioS;1062;Kloosterhaar;
WP3100;11;RegioS;1063;Kloosterzande;
WP1319;11;RegioS;1064;Klundert;
WP2994;11;RegioS;1065;Knegsel;
WP2190;11;RegioS;1066;De Knipe;
WP3229;11;RegioS;1067;Koarnjum;
WP1393;11;RegioS;1068;Kockengen;
WP2349;11;RegioS;1069;Koedijk;
WP1120;11;RegioS;1070;Koedijk;
WP3167;11;RegioS;1071;Koekange;
WP1131;11;RegioS;1072;Koewacht;
WP1677;11;RegioS;1073;Kolderwolde;
WP1351;11;RegioS;1074;Kolham;
WP2516;11;RegioS;1075;Kolhorn;
WP3309;11;RegioS;1076;Kollum;
WP3310;11;RegioS;1077;Kollumerpomp;
WP3311;11;RegioS;1078;Kollumersweach;
WP2119;11;RegioS;1079;Kommerzijl;
WP2042;11;RegioS;1080;Koningsbosch;
WP3442;11;RegioS;1081;Koningslust;
WP2738;11;RegioS;1082;De Koog;
WP1879;11;RegioS;1083;Koog aan de Zaan;
WP3179;11;RegioS;1084;Kootstertille;
WP1062;11;RegioS;1085;Kootwijk;
WP1056;11;RegioS;1086;Kootwijkerbroek;
WP2176;11;RegioS;1087;Kornhorn;
WP2315;11;RegioS;1088;Kornwerderzand;
WP3283;11;RegioS;1089;Kortehemmen;
WP3526;11;RegioS;1090;Kortenhoef;
WP3189;11;RegioS;1091;Kortgene;
WP2850;11;RegioS;1092;Koudekerk aan den Rijn;
WP2779;11;RegioS;1093;Koudekerke;
WP1966;11;RegioS;1094;Koudum;
WP2413;11;RegioS;1095;Koufurderrige;
WP3462;11;RegioS;1096;Krabbendijke;
WP1275;11;RegioS;1097;Kraggenburg;
WP2433;11;RegioS;1098;Kreileroord;
WP3238;11;RegioS;1099;Krewerd;
WP1545;11;RegioS;1100;De Krim;
WP2375;11;RegioS;1101;Krimpen aan de Lek;
WP1144;11;RegioS;1102;Krimpen aan den IJssel;
WP1341;11;RegioS;1103;Kring van Dorth;
WP1880;11;RegioS;1104;Krommenie;
WP1516;11;RegioS;1105;Kronenberg;
WP1020;11;RegioS;1106;Kropswolde;
WP3463;11;RegioS;1107;Kruiningen;
WP1403;11;RegioS;1108;Kruisland;
WP2024;11;RegioS;1109;Kûbaard;
WP2572;11;RegioS;1110;Kudelstaart;
WP2704;11;RegioS;1111;Kuinre;
WP3097;11;RegioS;1112;Kuitaart;
WP1257;11;RegioS;1113;Kwadendamme;
WP1839;11;RegioS;1114;Kwadijk;
WP3539;11;RegioS;1115;De Kwakel;
WP2657;11;RegioS;1116;Kwintsheul;
WP1495;12;RegioS;1117;Laag Zuthem;
WP1522;12;RegioS;1118;Laag-Keppel;
WP1506;12;RegioS;1119;Laag-Soeren;
WP1876;12;RegioS;1120;Lage Mierde;
WP1093;12;RegioS;1121;Lage Vuursche;
WP2576;12;RegioS;1122;Lage Zwaluwe;
WP1352;12;RegioS;1123;Lageland;
WP3636;12;RegioS;1124;Lageland GN;
WP3150;12;RegioS;1125;Lambertschaag;
WP3099;12;RegioS;1126;Lamswaarde;
WP2618;12;RegioS;1127;Landerum;
WP3055;12;RegioS;1128;Landgraaf;
WP2080;12;RegioS;1129;Landhorst;
WP1328;12;RegioS;1130;Landsmeer;
WP1303;12;RegioS;1131;Langbroek;
WP1759;12;RegioS;1132;Langedijke;
WP1724;12;RegioS;1133;Langelille;
WP1638;12;RegioS;1134;Langelo;
WP1978;12;RegioS;1135;Langenboom;
WP1808;12;RegioS;1136;Langerak;
WP1289;12;RegioS;1137;Langeveen;
WP1326;12;RegioS;1138;Langeweg;
WP3349;12;RegioS;1139;Langezwaag;
WP2494;12;RegioS;1140;Langweer;
WP1342;12;RegioS;1141;Laren;
WP2890;12;RegioS;1142;Laren;
WP1301;12;RegioS;1143;Lathum;
WP1410;12;RegioS;1144;Lattrop-Breklenkamp;
WP3419;12;RegioS;1145;Lauwersoog;
WP2120;12;RegioS;1146;Lauwerzijl;
WP2081;12;RegioS;1147;Ledeacker;
WP2341;12;RegioS;1148;Leek;
WP1315;12;RegioS;1149;Leende;
WP3420;12;RegioS;1150;Leens;
WP2110;12;RegioS;1151;Leerbroek;
WP2271;12;RegioS;1152;Leerdam;
WP3448;12;RegioS;1153;Leermens;
WP3587;12;RegioS;1154;Leersum;
WP3615;12;RegioS;1155;Leeuwarden;
WP2495;12;RegioS;1156;Legemeer;
WP2088;12;RegioS;1157;Leiden;
WP2112;12;RegioS;1158;Leiderdorp;
WP1621;12;RegioS;1159;Leidschendam;
WP3541;12;RegioS;1160;Leimuiden;
WP1605;12;RegioS;1161;Leimuiderbrug;
WP2376;12;RegioS;1162;Lekkerkerk;
WP1198;12;RegioS;1163;Lekkum;
WP1835;12;RegioS;1164;Lellens;
WP1051;12;RegioS;1165;Lelystad;
WP2552;12;RegioS;1166;Lemele;
WP1238;12;RegioS;1167;Lemelerveld;
WP1430;12;RegioS;1168;Lemiers;
WP2245;12;RegioS;1169;Lemmer;
WP2208;12;RegioS;1170;Lengel;
WP2545;12;RegioS;1171;Lent;
WP2025;12;RegioS;1172;Leons;
WP1939;12;RegioS;1173;Lepelstraat;
WP2342;12;RegioS;1174;Lettelbert;
WP2858;12;RegioS;1175;Lettele;
WP2330;12;RegioS;1176;Leunen;
WP2567;12;RegioS;1177;Leur;
WP2638;12;RegioS;1178;Leusden;
WP2876;12;RegioS;1179;Leuth;
WP1639;12;RegioS;1180;Leutingewolde;
WP1112;12;RegioS;1181;Leuvenheim;
WP2040;12;RegioS;1182;Leveroy;
WP1258;12;RegioS;1183;Lewedorp;
WP2105;12;RegioS;1184;Lexmond;
WP3207;12;RegioS;1185;Lichtaard;
WP2227;12;RegioS;1186;Lichtenvoorde;
WP2440;12;RegioS;1187;Liempde;
WP3379;12;RegioS;1188;Lienden;
WP2655;12;RegioS;1189;De Lier;
WP1496;12;RegioS;1190;Lierderholthuis;
WP2250;12;RegioS;1191;Lieren;
WP2746;12;RegioS;1192;Lierop;
WP2616;12;RegioS;1193;Lies;
WP1447;12;RegioS;1194;Lieshout;
WP1776;12;RegioS;1195;Liessel;
WP2225;12;RegioS;1196;Lievelde;
WP1640;12;RegioS;1197;Lieveren;
WP1616;12;RegioS;1198;Lijnden;
WP2815;12;RegioS;1199;Limbricht;
WP2270;12;RegioS;1200;Limmen;
WP3168;12;RegioS;1201;Linde;
WP1453;12;RegioS;1202;Linden;
WP1921;12;RegioS;1203;Linne;
WP1963;12;RegioS;1204;Linschoten;
WP3350;12;RegioS;1205;Lippenhuizen;
WP1466;12;RegioS;1206;Lisse;
WP1609;12;RegioS;1207;Lisserbroek;
WP3468;12;RegioS;1208;Lith;
WP3469;12;RegioS;1209;Lithoijen;
WP3401;12;RegioS;1210;Ljussens;
WP2978;12;RegioS;1211;Lobith;
WP1343;12;RegioS;1212;Lochem;
WP2251;12;RegioS;1213;Loenen;
WP2219;12;RegioS;1214;Loenen aan de Vecht;
WP2220;12;RegioS;1215;Loenersloot;
WP3505;12;RegioS;1216;Loënga;
WP2209;12;RegioS;1217;Loerbeek;
WP2316;12;RegioS;1218;Lollum;
WP3141;12;RegioS;1219;Lomm;
WP2317;12;RegioS;1220;Longerhouw;
WP2098;12;RegioS;1221;Loo Gld;
WP3135;12;RegioS;1222;Loo Gld;
WP3068;12;RegioS;1223;'t Loo Oldebroek;
WP2392;12;RegioS;1224;Loon;
WP3053;12;RegioS;1225;Loon op Zand;
WP3061;12;RegioS;1226;Loosbroek;
WP3537;12;RegioS;1227;Loosdrecht;
WP1556;12;RegioS;1228;Loozen;
WP1960;12;RegioS;1229;Lopik;
WP1961;12;RegioS;1230;Lopikerkapel;
WP3449;12;RegioS;1231;Loppersum;
WP3239;12;RegioS;1232;Losdorp;
WP1713;12;RegioS;1233;Losser;
WP1033;12;RegioS;1234;Lottum;
WP2262;12;RegioS;1235;Lucaswolde;
WP1353;12;RegioS;1236;Luddeweer;
WP2183;12;RegioS;1237;Luinjeberd;
WP2765;12;RegioS;1238;Lunteren;
WP1104;12;RegioS;1239;Lutjebroek;
WP2177;12;RegioS;1240;Lutjegast;
WP2517;12;RegioS;1241;Lutjewinkel;
WP1714;12;RegioS;1242;de Lutte;
WP1273;12;RegioS;1243;Luttelgeest;
WP1557;12;RegioS;1244;Lutten;
WP1494;12;RegioS;1245;Luttenberg;
WP3351;12;RegioS;1246;Luxwoude;
WP1458;12;RegioS;1247;Luyksgestel;
WP2026;12;RegioS;1248;Lytsewierrum;
WP1568;13;RegioS;1249;Maarheeze;
WP3340;13;RegioS;1250;Maarn;
WP3341;13;RegioS;1251;Maarsbergen;
WP2064;13;RegioS;1252;Maarssen;
WP2936;13;RegioS;1253;Maartensdijk;
WP1772;13;RegioS;1254;Maasbommel;
WP1920;13;RegioS;1255;Maasbracht;
WP2601;13;RegioS;1256;Maasbree;
WP2382;13;RegioS;1257;Maasdam;
WP2658;13;RegioS;1258;Maasdijk;
WP1218;13;RegioS;1259;Maashees;
WP2806;13;RegioS;1260;Maasland;
WP1069;13;RegioS;1261;Maassluis;
WP1406;13;RegioS;1262;Maastricht;
WP1672;13;RegioS;1263;Maastricht-Airport;
WP3084;13;RegioS;1264;Maasvlakte Rotterdam;
WP3252;13;RegioS;1265;Macharen;
WP2577;13;RegioS;1266;Made;
WP1760;13;RegioS;1267;Makkinga;
WP2318;13;RegioS;1268;Makkum;
WP3494;13;RegioS;1269;Malden;
WP1290;13;RegioS;1270;Mander;
WP1291;13;RegioS;1271;Manderveen;
WP2027;13;RegioS;1272;Mantgum;
WP3016;13;RegioS;1273;Mantinge;
WP3471;13;RegioS;1274;Maren-Kessel;
WP1694;13;RegioS;1275;Margraten;
WP2043;13;RegioS;1276;Maria Hoop;
WP1448;13;RegioS;1277;Mariahout;
WP1292;13;RegioS;1278;Mariaparochie;
WP1558;13;RegioS;1279;Mariënberg;
WP1493;13;RegioS;1280;Mariënheem;
WP2230;13;RegioS;1281;Mariënvelde;
WP2705;13;RegioS;1282;Marijenkampen;
WP1444;13;RegioS;1283;Markelo;
WP1943;13;RegioS;1284;Marken;
WP3556;13;RegioS;1285;Markenbinnen;
WP1274;13;RegioS;1286;Marknesse;
WP1383;13;RegioS;1287;Marle;
WP3208;13;RegioS;1288;Marrum;
WP2730;13;RegioS;1289;Marsum;
WP2263;13;RegioS;1290;Marum;
WP1170;13;RegioS;1291;Marwijksoord;
WP2200;13;RegioS;1292;Mastenbroek;
WP2901;13;RegioS;1293;Mastenbroek;
WP1641;13;RegioS;1294;Matsloot;
WP3380;13;RegioS;1295;Maurik;
WP1231;13;RegioS;1296;Mechelen;
WP3151;13;RegioS;1297;Medemblik;
WP2277;13;RegioS;1298;Meeden;
WP3240;13;RegioS;1299;Meedhuizen;
WP2108;13;RegioS;1300;Meerkerk;
WP1858;13;RegioS;1301;Meerlo;
WP3297;13;RegioS;1302;De Meern;
WP1463;13;RegioS;1303;Meerssen;
WP3488;13;RegioS;1304;Meerstad;
WP1955;13;RegioS;1305;Meeuwen;
WP1584;13;RegioS;1306;Megchelen;
WP3251;13;RegioS;1307;Megen;
WP2140;13;RegioS;1308;Meijel;
WP1034;13;RegioS;1309;Melderslo;
WP2591;13;RegioS;1310;Melick;
WP2780;13;RegioS;1311;Meliskerke;
WP2379;13;RegioS;1312;Melissant;
WP2731;13;RegioS;1313;Menaam;
WP3421;13;RegioS;1314;Mensingeweer;
WP1082;13;RegioS;1315;Meppel;
WP2157;13;RegioS;1316;Meppen;
WP2847;13;RegioS;1317;Merkelbeek;
WP2331;13;RegioS;1318;Merselo;
WP3530;13;RegioS;1319;Meteren;
WP1035;13;RegioS;1320;Meterik;
WP1695;13;RegioS;1321;Mheer;
WP2801;13;RegioS;1322;Middelaar;
WP1007;13;RegioS;1323;Middelburg;
WP3143;13;RegioS;1324;Middelharnis;
WP1840;13;RegioS;1325;Middelie;
WP3450;13;RegioS;1326;Middelstum;
WP2170;13;RegioS;1327;Middenbeemster;
WP2434;13;RegioS;1328;Middenmeer;
WP2926;13;RegioS;1329;Midlaren;
WP2892;13;RegioS;1330;Midlum;
WP2619;13;RegioS;1331;Midsland;
WP1897;13;RegioS;1332;Midwolda;
WP2343;13;RegioS;1333;Midwolde;
WP3152;13;RegioS;1334;Midwoud;
WP1199;13;RegioS;1335;Miedum;
WP1127;13;RegioS;1336;Mierlo;
WP3549;13;RegioS;1337;Mijdrecht;
WP2383;13;RegioS;1338;Mijnsheerenland;
WP2191;13;RegioS;1339;Mildam;
WP2091;13;RegioS;1340;Milheeze;
WP1976;13;RegioS;1341;Mill;
WP2289;13;RegioS;1342;Millingen aan de Rijn;
WP2479;13;RegioS;1343;Milsbeek;
WP3333;13;RegioS;1344;Minnertsga;
WP1678;13;RegioS;1345;Mirns;
WP3402;13;RegioS;1346;Mitselwier;
WP3404;13;RegioS;1347;Moarre;
WP3403;13;RegioS;1348;Moddergat;
WP3054;13;RegioS;1349;De Moer;
WP1322;13;RegioS;1350;Moerdijk;
WP2647;13;RegioS;1351;Moergestel;
WP1212;13;RegioS;1352;Moerkapelle;
WP1593;13;RegioS;1353;Moerstraten;
WP1983;13;RegioS;1354;Molenaarsgraaf;
WP2802;13;RegioS;1355;Molenhoek;
WP2069;13;RegioS;1356;Molenschot;
WP1967;13;RegioS;1357;Molkwerum;
WP1944;13;RegioS;1358;Monnickendam;
WP2659;13;RegioS;1359;Monster;
WP1964;13;RegioS;1360;Montfoort;
WP2592;13;RegioS;1361;Montfort;
WP2803;13;RegioS;1362;Mook;
WP2796;13;RegioS;1363;Mookhoek;
WP1244;13;RegioS;1364;Moordrecht;
WP1464;13;RegioS;1365;Moorveld;
WP2093;13;RegioS;1366;De Mortel;
WP3632;13;RegioS;1367;Muiden;
WP1519;13;RegioS;1368;Muiderberg;
WP2446;13;RegioS;1369;Mûnein;
WP1725;13;RegioS;1370;Munnekeburen;
WP3312;13;RegioS;1371;Munnekezijl;
WP2816;13;RegioS;1372;Munstergeleen;
WP2278;13;RegioS;1373;Muntendam;
WP3077;13;RegioS;1374;Mussel;
WP3075;13;RegioS;1375;Musselkanaal;
WP2660;14;RegioS;1376;Naaldwijk;
WP1052;14;RegioS;1377;Naarden;
WP1278;14;RegioS;1378;Nagele;
WP3497;14;RegioS;1379;Nederasselt;
WP2633;14;RegioS;1380;Nederhemert;
WP3003;14;RegioS;1381;Nederhorst den Berg;
WP2706;14;RegioS;1382;Nederland;
WP2037;14;RegioS;1383;Nederweert;
WP2039;14;RegioS;1384;Nederweert-Eind;
WP1656;14;RegioS;1385;Neede;
WP2952;14;RegioS;1386;Neer;
WP3363;14;RegioS;1387;Neerijnen;
WP2953;14;RegioS;1388;Neeritter;
WP1777;14;RegioS;1389;Neerkant;
WP3261;14;RegioS;1390;Neerlangel;
WP3262;14;RegioS;1391;Neerloon;
WP3603;14;RegioS;1392;Nes;
WP3405;14;RegioS;1393;Nes;
WP2588;14;RegioS;1394;Nes;
WP1068;14;RegioS;1395;Netersel;
WP1583;14;RegioS;1396;Netterden;
WP3153;14;RegioS;1397;Nibbixwoud;
WP2264;14;RegioS;1398;Niebert;
WP2121;14;RegioS;1399;Niehove;
WP2178;14;RegioS;1400;Niekerk;
WP3422;14;RegioS;1401;Niekerk;
WP1642;14;RegioS;1402;Nietap;
WP1171;14;RegioS;1403;Nieuw Annerveen;
WP1421;14;RegioS;1404;Nieuw Beerta;
WP1009;14;RegioS;1405;Nieuw- en Sint Joosland;
WP1499;14;RegioS;1406;Nieuw Heeten;
WP3093;14;RegioS;1407;Nieuw Namen;
WP1894;14;RegioS;1408;Nieuw Scheemda;
WP2634;14;RegioS;1409;Nieuwaal;
WP1993;14;RegioS;1410;Nieuw-Amsterdam;
WP3018;14;RegioS;1411;Nieuw-Balinge;
WP2887;14;RegioS;1412;Nieuw-Beijerland;
WP1797;14;RegioS;1413;Nieuw-Buinen;
WP1994;14;RegioS;1414;Nieuw-Dordrecht;
WP1259;14;RegioS;1415;Nieuwdorp;
WP2518;14;RegioS;1416;Nieuwe Niedorp;
WP1398;14;RegioS;1417;Nieuwe Pekela;
WP3037;14;RegioS;1418;Nieuwe Wetering;
WP2496;14;RegioS;1419;Nieuwebrug;
WP1172;14;RegioS;1420;Nieuwediep;
WP1108;14;RegioS;1421;Nieuwegein;
WP2194;14;RegioS;1422;Nieuwehorne;
WP2216;14;RegioS;1423;Nieuwendijk;
WP1394;14;RegioS;1424;Nieuwer Ter Aa;
WP2666;14;RegioS;1425;Nieuwerbrug aan den Rijn;
WP2680;14;RegioS;1426;Nieuwerkerk;
WP1016;14;RegioS;1427;Nieuwerkerk aan den IJssel;
WP3017;14;RegioS;1428;Nieuweroord;
WP1815;14;RegioS;1429;Nieuweroord;
WP2221;14;RegioS;1430;Nieuwersluis;
WP2187;14;RegioS;1431;Nieuweschoot;
WP3144;14;RegioS;1432;Nieuwe-Tonge;
WP2667;14;RegioS;1433;Nieuwkoop;
WP3502;14;RegioS;1434;Nieuwkuijk;
WP2111;14;RegioS;1435;Nieuwland;
WP1816;14;RegioS;1436;Nieuwlande;
WP2158;14;RegioS;1437;Nieuwlande Coevorden;
WP2795;14;RegioS;1438;Nieuw-Lekkerland;
WP1239;14;RegioS;1439;Nieuwleusen;
WP1896;14;RegioS;1440;Nieuwolda;
WP1807;14;RegioS;1441;Nieuwpoort;
WP1643;14;RegioS;1442;Nieuw-Roden;
WP1995;14;RegioS;1443;Nieuw-Schoonebeek;
WP2047;14;RegioS;1444;Nieuwstadt;
WP2670;14;RegioS;1445;Nieuwveen;
WP1602;14;RegioS;1446;Nieuw-Vennep;
WP2969;14;RegioS;1447;Nieuwvliet;
WP1404;14;RegioS;1448;Nieuw-Vossemeer;
WP1996;14;RegioS;1449;Nieuw-Weerdinge;
WP2122;14;RegioS;1450;Niezijl;
WP2569;14;RegioS;1451;Niftrik;
WP2222;14;RegioS;1452;Nigtevecht;
WP3330;14;RegioS;1453;Nij Altoenae;
WP3352;14;RegioS;1454;Nij Beets;
WP2607;14;RegioS;1455;Nijbroek;
WP1761;14;RegioS;1456;Nijeberkoop;
WP3284;14;RegioS;1457;Nijega;
WP3521;14;RegioS;1458;Nijehaske;
WP1726;14;RegioS;1459;Nijeholtpade;
WP1727;14;RegioS;1460;Nijeholtwolde;
WP1728;14;RegioS;1461;Nijelamer;
WP1679;14;RegioS;1462;Nijemirdum;
WP3116;14;RegioS;1463;Nijensleek;
WP1729;14;RegioS;1464;Nijetrijne;
WP1083;14;RegioS;1465;Nijeveen;
WP3406;14;RegioS;1466;Nijewier;
WP1972;14;RegioS;1467;Nijhuizum;
WP3606;14;RegioS;1468;Nijkerk;
WP3607;14;RegioS;1469;Nijkerkerveen;
WP2414;14;RegioS;1470;Nijland;
WP1173;14;RegioS;1471;Nijlande;
WP3030;14;RegioS;1472;Nijmegen;
WP3584;14;RegioS;1473;Nijverdal;
WP1591;14;RegioS;1474;Nispen;
WP1260;14;RegioS;1475;Nisse;
WP3062;14;RegioS;1476;Nistelrode;
WP2450;14;RegioS;1477;Noardburgum;
WP1174;14;RegioS;1478;Nooitgedacht;
WP1696;14;RegioS;1479;Noorbeek;
WP2171;14;RegioS;1480;Noordbeemster;
WP2279;14;RegioS;1481;Noordbroek;
WP1905;14;RegioS;1482;Noordeinde;
WP3070;14;RegioS;1483;Noordeinde Gld;
WP1436;14;RegioS;1484;Noordeloos;
WP2668;14;RegioS;1485;Noorden;
WP2681;14;RegioS;1486;Noordgouwe;
WP1325;14;RegioS;1487;Noordhoek;
WP2123;14;RegioS;1488;Noordhorn;
WP1268;14;RegioS;1489;Noordlaren;
WP1118;14;RegioS;1490;Noord-Scharwoude;
WP1817;14;RegioS;1491;Noordscheschut;
WP2159;14;RegioS;1492;Noord-Sleen;
WP2682;14;RegioS;1493;Noordwelle;
WP2265;14;RegioS;1494;Noordwijk;
WP2061;14;RegioS;1495;Noordwijk;
WP1927;14;RegioS;1496;Noordwijkerhout;
WP1730;14;RegioS;1497;Noordwolde;
WP2830;14;RegioS;1498;Noordwolde;
WP1142;14;RegioS;1499;Nootdorp;
WP1644;14;RegioS;1500;Norg;
WP1090;14;RegioS;1501;Notter;
WP2136;14;RegioS;1502;Nuenen;
WP2266;14;RegioS;1503;Nuis;
WP3611;14;RegioS;1504;Nuland;
WP2372;14;RegioS;1505;Numansdorp;
WP2954;14;RegioS;1506;Nunhem;
WP2982;14;RegioS;1507;Nunspeet;
WP2358;14;RegioS;1508;Nuth;
WP1411;14;RegioS;1509;Nutter;
WP2817;15;RegioS;1510;Obbicht;
WP1187;15;RegioS;1511;Obdam;
WP1097;15;RegioS;1512;Ochten;
WP2604;15;RegioS;1513;Odijk;
WP1849;15;RegioS;1514;Odiliapeel;
WP1798;15;RegioS;1515;Odoorn;
WP1799;15;RegioS;1516;Odoornerveen;
WP1219;15;RegioS;1517;Oeffelt;
WP2744;15;RegioS;1518;Oegstgeest;
WP1347;15;RegioS;1519;Oene;
WP2443;15;RegioS;1520;Oentsjerk;
WP1489;15;RegioS;1521;Den Oever;
WP3506;15;RegioS;1522;Offingawier;
WP1923;15;RegioS;1523;Ohé en Laak;
WP3470;15;RegioS;1524;Oijen;
WP3604;15;RegioS;1525;Oirlo;
WP2101;15;RegioS;1526;Oirsbeek;
WP1207;15;RegioS;1527;Oirschot;
WP2646;15;RegioS;1528;Oisterwijk;
WP2859;15;RegioS;1529;Okkenbroek;
WP1529;15;RegioS;1530;Olburgen;
WP1762;15;RegioS;1531;Oldeberkoop;
WP3071;15;RegioS;1532;Oldebroek;
WP1731;15;RegioS;1533;Oldeholtpade;
WP1732;15;RegioS;1534;Oldeholtwolde;
WP2124;15;RegioS;1535;Oldehove;
WP2179;15;RegioS;1536;Oldekerk;
WP1733;15;RegioS;1537;Oldelamer;
WP2707;15;RegioS;1538;Oldemarkt;
WP1668;15;RegioS;1539;Oldenzaal;
WP3476;15;RegioS;1540;Oldenzijl;
WP2498;15;RegioS;1541;Oldeouwer;
WP1734;15;RegioS;1542;Oldetrijne;
WP1379;15;RegioS;1543;Olst;
WP3353;15;RegioS;1544;Olterterp;
WP2930;15;RegioS;1545;Ommel;
WP3629;15;RegioS;1546;Ommen;
WP3381;15;RegioS;1547;Ommeren;
WP2831;15;RegioS;1548;Onderdendam;
WP2708;15;RegioS;1549;Onna;
WP1269;15;RegioS;1550;Onnen;
WP3076;15;RegioS;1551;Onstwedde;
WP2877;15;RegioS;1552;Ooij;
WP2133;15;RegioS;1553;Ooltgensplaat;
WP1208;15;RegioS;1554;Oost West en Middelbeers;
WP2960;15;RegioS;1555;Oostburg;
WP3464;15;RegioS;1556;Oostdijk;
WP2957;15;RegioS;1557;Oosteind;
WP2990;15;RegioS;1558;Oosterbeek;
WP1375;15;RegioS;1559;Oosterbierum;
WP3619;15;RegioS;1560;Oosterblokker;
WP2742;15;RegioS;1561;Oosterend;
WP2614;15;RegioS;1562;Oosterend;
WP2160;15;RegioS;1563;Oosterhesselen;
WP1869;15;RegioS;1564;Oosterhout;
WP3596;15;RegioS;1565;Oosterhout;
WP2683;15;RegioS;1566;Oosterland;
WP1510;15;RegioS;1567;Oosterleek;
WP3477;15;RegioS;1568;Oosternieland;
WP1735;15;RegioS;1569;Oosterstreek;
WP2274;15;RegioS;1570;Oosterwijk;
WP3451;15;RegioS;1571;Oosterwijtwerd;
WP1763;15;RegioS;1572;Oosterwolde;
WP3072;15;RegioS;1573;Oosterwolde Gld;
WP2246;15;RegioS;1574;Oosterzee;
WP3554;15;RegioS;1575;Oost-Graftdijk;
WP2415;15;RegioS;1576;Oosthem;
WP1841;15;RegioS;1577;Oosthuizen;
WP2781;15;RegioS;1578;Oostkapelle;
WP2285;15;RegioS;1579;Oostknollendam;
WP3605;15;RegioS;1580;Oostrum;
WP1076;15;RegioS;1581;Oost-Souburg;
WP1209;15;RegioS;1582;Oostvoorne;
WP2344;15;RegioS;1583;Oostwold;
WP1898;15;RegioS;1584;Oostwold;
WP3567;15;RegioS;1585;Oostwoud;
WP2113;15;RegioS;1586;Oostzaan;
WP1412;15;RegioS;1587;Ootmarsum;
WP3285;15;RegioS;1588;Opeinde;
WP2180;15;RegioS;1589;Opende;
WP3364;15;RegioS;1590;Ophemert;
WP1098;15;RegioS;1591;Opheusden;
WP3365;15;RegioS;1592;Opijnen;
WP2082;15;RegioS;1593;Oploo;
WP2791;15;RegioS;1594;Opmeer;
WP2416;15;RegioS;1595;Oppenhuizen;
WP3155;15;RegioS;1596;Opperdoes;
WP3019;15;RegioS;1597;Oranje;
WP2189;15;RegioS;1598;Oranjewoud;
WP3020;15;RegioS;1599;Orvelte;
WP2038;15;RegioS;1600;Ospel;
WP3249;15;RegioS;1601;Oss;
WP1002;15;RegioS;1602;Ossendrecht;
WP3102;15;RegioS;1603;Ossenisse;
WP2842;15;RegioS;1604;Ossenwaard;
WP2709;15;RegioS;1605;Ossenzijl;
WP1888;15;RegioS;1606;Oterleek;
WP2767;15;RegioS;1607;Otterlo;
WP2480;15;RegioS;1608;Ottersum;
WP3628;15;RegioS;1609;Ottoland;
WP3540;15;RegioS;1610;Oud Ade;
WP1175;15;RegioS;1611;Oud Annerveen;
WP1248;15;RegioS;1612;Oud Gastel;
WP1413;15;RegioS;1613;Oud Ootmarsum;
WP2066;15;RegioS;1614;Oud Zuilen;
WP1985;15;RegioS;1615;Oud-Alblas;
WP2793;15;RegioS;1616;Oud-Beijerland;
WP2932;15;RegioS;1617;Ouddorp;
WP1599;15;RegioS;1618;Oude Meer;
WP2519;15;RegioS;1619;Oude Niedorp;
WP1397;15;RegioS;1620;Oude Pekela;
WP3039;15;RegioS;1621;Oude Wetering;
WP3117;15;RegioS;1622;Oude Willem;
WP3328;15;RegioS;1623;Oudebildtzijl;
WP2417;15;RegioS;1624;Oudega;
WP3286;15;RegioS;1625;Oudega;
WP1680;15;RegioS;1626;Oudega;
WP3522;15;RegioS;1627;Oudehaske;
WP2195;15;RegioS;1628;Oudehorne;
WP1261;15;RegioS;1629;Oudelande;
WP1681;15;RegioS;1630;Oudemirdum;
WP1320;15;RegioS;1631;Oudemolen;
WP2917;15;RegioS;1632;Oudemolen;
WP1246;15;RegioS;1633;Oudenbosch;
WP1188;15;RegioS;1634;Oudendijk;
WP1388;15;RegioS;1635;Oudenhoorn;
WP2129;15;RegioS;1636;Ouderkerk aan de Amstel;
WP2373;15;RegioS;1637;Ouderkerk aan den IJssel;
WP2233;15;RegioS;1638;Oudeschans;
WP2743;15;RegioS;1639;Oudeschild;
WP3478;15;RegioS;1640;Oudeschip;
WP2188;15;RegioS;1641;Oudeschoot;
WP2763;15;RegioS;1642;Oudesluis;
WP2134;15;RegioS;1643;Oude-Tonge;
WP1910;15;RegioS;1644;Oudewater;
WP1423;15;RegioS;1645;Oudezijl;
WP3519;15;RegioS;1646;Oudheusden;
WP3290;15;RegioS;1647;Oudkarspel;
WP1119;15;RegioS;1648;Oudkarspel;
WP2350;15;RegioS;1649;Oudorp;
WP2077;15;RegioS;1650;Oud-Vossemeer;
WP2684;15;RegioS;1651;Ouwerkerk;
WP2500;15;RegioS;1652;Ouwsterhaule;
WP2501;15;RegioS;1653;Ouwster-Nijega;
WP3496;15;RegioS;1654;Overasselt;
WP3588;15;RegioS;1655;Overberg;
WP1715;15;RegioS;1656;Overdinkel;
WP3263;15;RegioS;1657;Overlangel;
WP1220;15;RegioS;1658;Overloon;
WP1354;15;RegioS;1659;Overschild;
WP1132;15;RegioS;1660;Overslag;
WP2653;15;RegioS;1661;Overveen;
WP1262;15;RegioS;1662;Ovezande;
WP2710;16;RegioS;1663;Paasloo;
WP2979;16;RegioS;1664;Pannerden;
WP3443;16;RegioS;1665;Panningen;
WP1911;16;RegioS;1666;Papekop;
WP1477;16;RegioS;1667;Papendrecht;
WP2818;16;RegioS;1668;Papenhoven;
WP1176;16;RegioS;1669;Papenvoort;
WP2319;16;RegioS;1670;Parrega;
WP2910;16;RegioS;1671;Paterswolde;
WP3409;16;RegioS;1672;Peazens;
WP1645;16;RegioS;1673;Peest;
WP1368;16;RegioS;1674;Peins;
WP1646;16;RegioS;1675;Peize;
WP1736;16;RegioS;1676;Peperga;
WP3085;16;RegioS;1677;Pernis Rotterdam;
WP2878;16;RegioS;1678;Persingen;
WP3118;16;RegioS;1679;Pesse;
WP1818;16;RegioS;1680;Pesse;
WP2761;16;RegioS;1681;Petten;
WP1133;16;RegioS;1682;Philippine;
WP2320;16;RegioS;1683;Piaam;
WP2888;16;RegioS;1684;Piershil;
WP3423;16;RegioS;1685;Pieterburen;
WP1374;16;RegioS;1686;Pietersbierum;
WP2125;16;RegioS;1687;Pieterzijl;
WP1141;16;RegioS;1688;Pijnacker;
WP2321;16;RegioS;1689;Pingjum;
WP2804;16;RegioS;1690;Plasmolen;
WP2635;16;RegioS;1691;Poederoijen;
WP2661;16;RegioS;1692;Poeldijk;
WP2698;16;RegioS;1693;De Pol;
WP1962;16;RegioS;1694;Polsbroek;
WP2363;16;RegioS;1695;Poortugaal;
WP2072;16;RegioS;1696;Poortvliet;
WP2533;16;RegioS;1697;Poppenwier;
WP1830;16;RegioS;1698;Ten Post;
WP2593;16;RegioS;1699;Posterholt;
WP1705;16;RegioS;1700;Prinsenbeek;
WP2906;16;RegioS;1701;Puiflijk;
WP2915;16;RegioS;1702;De Punt;
WP1049;16;RegioS;1703;Punthorst;
WP1749;16;RegioS;1704;Purmer;
WP1946;16;RegioS;1705;Purmer;
WP3103;16;RegioS;1706;Purmerend;
WP1330;16;RegioS;1707;Purmerland;
WP2102;16;RegioS;1708;Puth;
WP1003;16;RegioS;1709;Putte;
WP3580;16;RegioS;1710;Putten;
WP2384;16;RegioS;1711;Puttershoek;
WP1491;17;RegioS;1712;Raalte;
WP1752;17;RegioS;1713;Raamsdonk;
WP1750;17;RegioS;1714;Raamsdonksveer;
WP3410;17;RegioS;1715;Raard;
WP1559;17;RegioS;1716;Radewijk;
WP3563;17;RegioS;1717;Radio Kootwijk;
WP2534;17;RegioS;1718;Raerd;
WP1870;17;RegioS;1719;Randwijk;
WP1854;17;RegioS;1720;Ransdaal;
WP2470;17;RegioS;1721;Rasquert;
WP3254;17;RegioS;1722;Ravenstein;
WP3382;17;RegioS;1723;Ravenswaaij;
WP1764;17;RegioS;1724;Ravenswoud;
WP3272;17;RegioS;1725;Readtsjerk;
WP2028;17;RegioS;1726;Reahûs;
WP2535;17;RegioS;1727;Reduzum;
WP1852;17;RegioS;1728;Reek;
WP2476;17;RegioS;1729;Reeuwijk;
WP3559;17;RegioS;1730;Reeve;
WP1227;17;RegioS;1731;Reijmerstok;
WP3209;17;RegioS;1732;Reitsum;
WP1663;17;RegioS;1733;Rekken;
WP2685;17;RegioS;1734;Renesse;
WP2991;17;RegioS;1735;Renkum;
WP2141;17;RegioS;1736;Renswoude;
WP3137;17;RegioS;1737;Ressen;
WP2970;17;RegioS;1738;Retranchement;
WP1877;17;RegioS;1739;Reusel;
WP1293;17;RegioS;1740;Reutum;
WP1949;17;RegioS;1741;Reuver;
WP1528;17;RegioS;1742;Rha;
WP1501;17;RegioS;1743;Rheden;
WP2393;17;RegioS;1744;Rhee;
WP1560;17;RegioS;1745;Rheeze;
WP1561;17;RegioS;1746;Rheezerveen;
WP1399;17;RegioS;1747;Rhenen;
WP3528;17;RegioS;1748;Rhenoy;
WP2362;17;RegioS;1749;Rhoon;
WP2562;17;RegioS;1750;Ridderkerk;
WP1370;17;RegioS;1751;Ried;
WP2881;17;RegioS;1752;Riel;
WP2029;17;RegioS;1753;Rien;
WP1459;17;RegioS;1754;Riethoven;
WP1657;17;RegioS;1755;Rietmolen;
WP2070;17;RegioS;1756;Rijen;
WP1221;17;RegioS;1757;Rijkevoort;
WP2087;17;RegioS;1758;Rijkevoort-De Walsert;
WP3040;17;RegioS;1759;Rijnsaterwoude;
WP1708;17;RegioS;1760;Rijnsburg;
WP3553;17;RegioS;1761;De Rijp;
WP3546;17;RegioS;1762;Rijpwetering;
WP1682;17;RegioS;1763;Rijs;
WP3490;17;RegioS;1764;Rijsbergen;
WP1601;17;RegioS;1765;Rijsenhout;
WP1566;17;RegioS;1766;Rijssen;
WP2459;17;RegioS;1767;Rijswijk;
WP3383;17;RegioS;1768;Rijswijk (GLD);
WP3303;17;RegioS;1769;Rijswijk (NB);
WP3465;17;RegioS;1770;Rilland;
WP3270;17;RegioS;1771;Rinsumageast;
WP2094;17;RegioS;1772;De Rips;
WP1077;17;RegioS;1773;Ritthem;
WP1210;17;RegioS;1774;Rockanje;
WP1647;17;RegioS;1775;Roden;
WP3633;17;RegioS;1776;Roderesch;
WP1649;17;RegioS;1777;Roderwolde;
WP3042;17;RegioS;1778;Roelofarendsveen;
WP2281;17;RegioS;1779;Roermond;
WP1084;17;RegioS;1780;Rogat;
WP2955;17;RegioS;1781;Roggel;
WP2502;17;RegioS;1782;Rohel;
WP1177;17;RegioS;1783;Rolde;
WP3479;17;RegioS;1784;Roodeschool;
WP1588;17;RegioS;1785;Roosendaal;
WP2046;17;RegioS;1786;Roosteren;
WP1596;17;RegioS;1787;Rosmalen;
WP1414;17;RegioS;1788;Rossum;
WP1630;17;RegioS;1789;Rossum;
WP1997;17;RegioS;1790;Roswinkel;
WP2503;17;RegioS;1791;Rotstergaast;
WP2504;17;RegioS;1792;Rotsterhaule;
WP3086;17;RegioS;1793;Rotterdam;
WP2364;17;RegioS;1794;Rotterdam-Albrandswaard;
WP3287;17;RegioS;1795;Rottevalle;
WP2505;17;RegioS;1796;Rottum;
WP3480;17;RegioS;1797;Rottum;
WP1047;17;RegioS;1798;Rouveen;
WP2437;17;RegioS;1799;Rozenburg;
WP1598;17;RegioS;1800;Rozenburg;
WP2927;17;RegioS;1801;Rozendaal;
WP2581;17;RegioS;1802;Rucphen;
WP1683;17;RegioS;1803;Ruigahuizen;
WP3119;17;RegioS;1804;Ruinen;
WP3169;17;RegioS;1805;Ruinen;
WP3170;17;RegioS;1806;Ruinerwold;
WP3215;17;RegioS;1807;Rumpt;
WP1282;17;RegioS;1808;Rutten;
WP1658;17;RegioS;1809;Ruurlo;
WP2445;17;RegioS;1810;Ryptsjerk;
WP2126;18;RegioS;1811;Saaksum;
WP1415;18;RegioS;1812;Saasveld;
WP2471;18;RegioS;1813;Saaxumhuizen;
WP1222;18;RegioS;1814;Sambeek;
WP2418;18;RegioS;1815;Sandfirden;
WP2837;18;RegioS;1816;Santpoort-Noord;
WP2838;18;RegioS;1817;Santpoort-Zuid;
WP1021;18;RegioS;1818;Sappemeer;
WP1134;18;RegioS;1819;Sas van Gent;
WP2003;18;RegioS;1820;Sassenheim;
WP2472;18;RegioS;1821;Sauwerd;
WP2460;18;RegioS;1822;Schagen;
WP2756;18;RegioS;1823;Schagerbrug;
WP1851;18;RegioS;1824;Schaijk;
WP2860;18;RegioS;1825;Schalkhaar;
WP2056;18;RegioS;1826;Schalkwijk;
WP1369;18;RegioS;1827;Schalsum;
WP1842;18;RegioS;1828;Schardam;
WP2686;18;RegioS;1829;Scharendijke;
WP1355;18;RegioS;1830;Scharmer;
WP2419;18;RegioS;1831;Scharnegoutum;
WP2506;18;RegioS;1832;Scharsterbrug;
WP1189;18;RegioS;1833;Scharwoude;
WP1893;18;RegioS;1834;Scheemda;
WP2711;18;RegioS;1835;Scheerwolde;
WP1511;18;RegioS;1836;Schellinkhout;
WP1437;18;RegioS;1837;Schelluinen;
WP1889;18;RegioS;1838;Schermerhorn;
WP2073;18;RegioS;1839;Scherpenisse;
WP2135;18;RegioS;1840;Scherpenzeel;
WP1737;18;RegioS;1841;Scherpenzeel;
WP2322;18;RegioS;1842;Schettens;
WP1697;18;RegioS;1843;Scheulder;
WP1935;18;RegioS;1844;Schiedam;
WP2428;18;RegioS;1845;Schiermonnikoog;
WP2582;18;RegioS;1846;Schijf;
WP2139;18;RegioS;1847;Schijndel;
WP1356;18;RegioS;1848;Schildwolde;
WP2360;18;RegioS;1849;Schimmert;
WP1717;18;RegioS;1850;Schin op Geul;
WP2103;18;RegioS;1851;Schinnen;
WP2848;18;RegioS;1852;Schinveld;
WP1178;18;RegioS;1853;Schipborg;
WP1618;18;RegioS;1854;Schiphol;
WP1604;18;RegioS;1855;Schiphol-Rijk;
WP1085;18;RegioS;1856;De Schiphorst;
WP2805;18;RegioS;1857;Schipluiden;
WP1277;18;RegioS;1858;Schokland;
WP2971;18;RegioS;1859;Schoondijke;
WP1998;18;RegioS;1860;Schoonebeek;
WP2390;18;RegioS;1861;Schoonhoven;
WP1179;18;RegioS;1862;Schoonloo;
WP2161;18;RegioS;1863;Schoonoord;
WP2272;18;RegioS;1864;Schoonrewoerd;
WP3045;18;RegioS;1865;Schoorl;
WP1469;18;RegioS;1866;Schore;
WP3424;18;RegioS;1867;Schouwerzijl;
WP2323;18;RegioS;1868;Schraard;
WP1562;18;RegioS;1869;Schuinesloot;
WP2181;18;RegioS;1870;Sebaldeburen;
WP2295;18;RegioS;1871;Sellingen;
WP2687;18;RegioS;1872;Serooskerke;
WP2782;18;RegioS;1873;Serooskerke;
WP1515;18;RegioS;1874;Sevenum;
WP1373;18;RegioS;1875;Sexbierum;
WP3324;18;RegioS;1876;Sibculo;
WP1563;18;RegioS;1877;Sibculo;
WP2536;18;RegioS;1878;Sibrandabuorren;
WP3274;18;RegioS;1879;Sibrandahûs;
WP1357;18;RegioS;1880;Siddeburen;
WP1123;18;RegioS;1881;Siebengewald;
WP3354;18;RegioS;1882;Siegerswoude;
WP3156;18;RegioS;1883;Sijbekarspel;
WP1578;18;RegioS;1884;Silvolde;
WP1389;18;RegioS;1885;Simonshaven;
WP3065;18;RegioS;1886;Simpelveld;
WP1579;18;RegioS;1887;Sinderen;
WP1454;18;RegioS;1888;Sint Agatha;
WP1834;18;RegioS;1889;Sint Annen;
WP2083;18;RegioS;1890;Sint Anthonis;
WP1698;18;RegioS;1891;Sint Geertruid;
WP1977;18;RegioS;1892;Sint Hubert;
WP2712;18;RegioS;1893;Sint Jansklooster;
WP3089;18;RegioS;1894;Sint Jansteen;
WP2044;18;RegioS;1895;Sint Joost;
WP2973;18;RegioS;1896;Sint Kruis;
WP3291;18;RegioS;1897;Sint Maarten;
WP2759;18;RegioS;1898;Sint Maartensbrug;
WP2760;18;RegioS;1899;Sint Maartensvlotbrug;
WP2507;18;RegioS;1900;Sint Nicolaasga;
WP2594;18;RegioS;1901;Sint Odiliënberg;
WP1115;18;RegioS;1902;Sint Pancras;
WP2078;18;RegioS;1903;Sint Philipsland;
WP2584;18;RegioS;1904;St. Willebrord;
WP2076;18;RegioS;1905;Sint-Annaland;
WP3331;18;RegioS;1906;St.-Annaparochie;
WP3332;18;RegioS;1907;St.-Jacobiparochie;
WP2508;18;RegioS;1908;Sintjohannesga;
WP2074;18;RegioS;1909;Sint-Maartensdijk;
WP2060;18;RegioS;1910;Sint-Michielsgestel;
WP2787;18;RegioS;1911;Sint-Oedenrode;
WP2688;18;RegioS;1912;Sirjansland;
WP3512;18;RegioS;1913;Sittard;
WP2732;18;RegioS;1914;Skingen;
WP1564;18;RegioS;1915;Slagharen;
WP2733;18;RegioS;1916;Slappeterp;
WP2162;18;RegioS;1917;Sleen;
WP2217;18;RegioS;1918;Sleeuwijk;
WP1229;18;RegioS;1919;Slenaken;
WP2438;18;RegioS;1920;Sliedrecht;
WP1738;18;RegioS;1921;Slijkenburg;
WP1871;18;RegioS;1922;Slijk-Ewijk;
WP1358;18;RegioS;1923;Slochteren;
WP2435;18;RegioS;1924;Slootdorp;
WP1684;18;RegioS;1925;Sloten;
WP2962;18;RegioS;1926;Sluis;
WP1135;18;RegioS;1927;Sluiskil;
WP2334;18;RegioS;1928;Smakt;
WP3288;18;RegioS;1929;Smalle Ee;
WP2420;18;RegioS;1930;Smallebrugge;
WP3021;18;RegioS;1931;Smilde;
WP1200;18;RegioS;1932;Snakkerburen;
WP3504;18;RegioS;1933;Sneek;
WP1912;18;RegioS;1934;Snelrewaard;
WP2509;18;RegioS;1935;Snikzwaag;
WP1569;18;RegioS;1936;Soerendonk;
WP1013;18;RegioS;1937;Soest;
WP1014;18;RegioS;1938;Soesterberg;
WP2745;18;RegioS;1939;Someren;
WP3145;18;RegioS;1940;Sommelsdijk;
WP3520;18;RegioS;1941;Son en Breugel;
WP1685;18;RegioS;1942;Sondel;
WP1739;18;RegioS;1943;Sonnega;
WP3534;18;RegioS;1944;Spaarndam;
WP2908;18;RegioS;1945;Spaarndam gem. Haarlem;
WP2792;18;RegioS;1946;Spanbroek;
WP1740;18;RegioS;1947;Spanga;
WP1505;18;RegioS;1948;Spankeren;
WP2030;18;RegioS;1949;Spannum;
WP1671;18;RegioS;1950;Spaubeek;
WP3120;18;RegioS;1951;Spier;
WP3022;18;RegioS;1952;Spier;
WP1190;18;RegioS;1953;Spierdijk;
WP2356;18;RegioS;1954;Spijk;
WP2980;18;RegioS;1955;Spijk;
WP3241;18;RegioS;1956;Spijk;
WP3032;18;RegioS;1957;Spijkenisse;
WP2286;18;RegioS;1958;Spijkerboor;
WP1180;18;RegioS;1959;Spijkerboor;
WP2596;18;RegioS;1960;Sprang-Capelle;
WP2583;18;RegioS;1961;Sprundel;
WP1136;18;RegioS;1962;Spui;
WP3146;18;RegioS;1963;Stad aan 't Haringvliet;
WP3074;18;RegioS;1964;Stadskanaal;
WP1247;18;RegioS;1965;Stampersgat;
WP1324;18;RegioS;1966;Standdaarbuiten;
WP1046;18;RegioS;1967;Staphorst;
WP3555;18;RegioS;1968;Starnmeer;
WP3452;18;RegioS;1969;Startenhuizen;
WP3481;18;RegioS;1970;Startenhuizen;
WP2075;18;RegioS;1971;Stavenisse;
WP1969;18;RegioS;1972;Stavoren;
WP3453;18;RegioS;1973;Stedum;
WP1502;18;RegioS;1974;De Steeg;
WP3634;18;RegioS;1975;Steenbergen;
WP1405;18;RegioS;1976;Steenbergen;
WP1359;18;RegioS;1977;Steendam;
WP1526;18;RegioS;1978;Steenderen;
WP2608;18;RegioS;1979;Steenenkamer;
WP2995;18;RegioS;1980;Steensel;
WP2713;18;RegioS;1981;Steenwijk;
WP2714;18;RegioS;1982;Steenwijkerwold;
WP2553;18;RegioS;1983;Stegeren;
WP1741;18;RegioS;1984;Steggerda;
WP1913;18;RegioS;1985;Stein;
WP2933;18;RegioS;1986;Stellendam;
WP1316;18;RegioS;1987;Sterksel;
WP2084;18;RegioS;1988;Stevensbeek;
WP1922;18;RegioS;1989;Stevensweert;
WP1475;18;RegioS;1990;Steyl;
WP2163;18;RegioS;1991;Stieltjeskanaal;
WP3230;18;RegioS;1992;Stiens;
WP3482;18;RegioS;1993;Stitswerd;
WP2210;18;RegioS;1994;Stokkum;
WP2388;18;RegioS;1995;Stolwijk;
WP1890;18;RegioS;1996;Stompetoren;
WP2639;18;RegioS;1997;Stoutenburg;
WP1667;18;RegioS;1998;Stoutenburg Noord;
WP1975;18;RegioS;1999;Stramproy;
WP1805;18;RegioS;2000;Streefkerk;
WP2620;18;RegioS;2001;Striep;
WP3435;18;RegioS;2002;Strijbeek;
WP2797;18;RegioS;2003;Strijen;
WP2798;18;RegioS;2004;Strijensas;
WP1059;18;RegioS;2005;Stroe;
WP3180;18;RegioS;2006;Stroobos;
WP1819;18;RegioS;2007;Stuifzand;
WP3023;18;RegioS;2008;Stuifzand;
WP2453;18;RegioS;2009;Sumar;
WP3181;18;RegioS;2010;Surhuisterveen;
WP3182;18;RegioS;2011;Surhuizum;
WP2045;18;RegioS;2012;Susteren;
WP2448;18;RegioS;2013;Suwâld;
WP2283;18;RegioS;2014;Swalmen;
WP3318;18;RegioS;2015;Sweagerbosk;
WP2104;18;RegioS;2016;Sweikhuizen;
WP1204;18;RegioS;2017;Swichum;
WP2431;18;RegioS;2018;Swifterbant;
WP1859;18;RegioS;2019;Swolgen;
WP2918;19;RegioS;2020;Taarlo;
WP3472;19;RegioS;2021;Teeffelen;
WP1203;19;RegioS;2022;Teerns;
WP1474;19;RegioS;2023;Tegelen;
WP2182;19;RegioS;2024;Terband;
WP1577;19;RegioS;2025;Terborg;
WP2578;19;RegioS;2026;Terheijden;
WP2537;19;RegioS;2027;Terherne;
WP3096;19;RegioS;2028;Terhole;
WP2510;19;RegioS;2029;Terkaple;
WP3242;19;RegioS;2030;Termunten;
WP3243;19;RegioS;2031;Termunterzijl;
WP3411;19;RegioS;2032;Ternaard;
WP1137;19;RegioS;2033;Terneuzen;
WP2511;19;RegioS;2034;Teroele;
WP3598;19;RegioS;2035;Terschuur;
WP2538;19;RegioS;2036;Tersoal;
WP3355;19;RegioS;2037;Terwispel;
WP2609;19;RegioS;2038;Terwolde;
WP3623;19;RegioS;2039;Teteringen;
WP2610;19;RegioS;2040;Teuge;
WP1832;19;RegioS;2041;Thesinge;
WP2071;19;RegioS;2042;Tholen;
WP1916;19;RegioS;2043;Thorn;
WP3601;19;RegioS;2044;Tiel;
WP1820;19;RegioS;2045;Tiendeveen;
WP3024;19;RegioS;2046;Tiendeveen;
WP2065;19;RegioS;2047;Tienhoven;
WP2107;19;RegioS;2048;Tienhoven aan de Lek;
WP1860;19;RegioS;2049;Tienray;
WP3356;19;RegioS;2050;Tijnje;
WP3276;19;RegioS;2051;De Tike;
WP1043;19;RegioS;2052;Tilburg;
WP1416;19;RegioS;2053;Tilligte;
WP2473;19;RegioS;2054;Tinallinge;
WP1211;19;RegioS;2055;Tinte;
WP3591;19;RegioS;2056;Tirns;
WP2422;19;RegioS;2057;Tjalhuizum;
WP2184;19;RegioS;2058;Tjalleberd;
WP2512;19;RegioS;2059;Tjerkgaast;
WP2324;19;RegioS;2060;Tjerkwerd;
WP1360;19;RegioS;2061;Tjuchem;
WP2345;19;RegioS;2062;Tolbert;
WP1531;19;RegioS;2063;Toldijk;
WP2981;19;RegioS;2064;Tolkamer;
WP1279;19;RegioS;2065;Tollebeek;
WP1110;19;RegioS;2066;Tonden;
WP3454;19;RegioS;2067;Toornwerd;
WP3531;19;RegioS;2068;Tricht;
WP3314;19;RegioS;2069;De Trieme;
WP2276;19;RegioS;2070;Tripscompagnie;
WP1294;19;RegioS;2071;Tubbergen;
WP3366;19;RegioS;2072;Tuil;
WP3292;19;RegioS;2073;Tuitjenhorn;
WP2715;19;RegioS;2074;Tuk;
WP2055;19;RegioS;2075;Tull en 't Waal;
WP2611;19;RegioS;2076;Twello;
WP3183;19;RegioS;2077;Twijzel;
WP3184;19;RegioS;2078;Twijzelerheide;
WP3157;19;RegioS;2079;Twisk;
WP2919;19;RegioS;2080;Tynaarlo;
WP2447;19;RegioS;2081;Tytsjerk;
WP1362;19;RegioS;2082;Tzum;
WP1377;19;RegioS;2083;Tzummarum;
WP2395;20;RegioS;2084;Ubbena;
WP2879;20;RegioS;2085;Ubbergen;
WP3562;20;RegioS;2086;Uddel;
WP1847;20;RegioS;2087;Uden;
WP1045;20;RegioS;2088;Udenhout;
WP3121;20;RegioS;2089;Uffelte;
WP2256;20;RegioS;2090;Ugchelen;
WP1947;20;RegioS;2091;Uitdam;
WP2755;20;RegioS;2092;Uitgeest;
WP2062;20;RegioS;2093;Uithoorn;
WP3483;20;RegioS;2094;Uithuizen;
WP3484;20;RegioS;2095;Uithuizermeeden;
WP2423;20;RegioS;2096;Uitwellingerga;
WP3304;20;RegioS;2097;Uitwijk;
WP1465;20;RegioS;2098;Ulestraten;
WP1580;20;RegioS;2099;Ulft;
WP2884;20;RegioS;2100;Ulicoten;
WP3425;20;RegioS;2101;Ulrum;
WP1704;20;RegioS;2102;Ulvenhout;
WP3436;20;RegioS;2103;Ulvenhout AC;
WP3357;20;RegioS;2104;Ureterp;
WP2143;20;RegioS;2105;Urk;
WP1915;20;RegioS;2106;Urmond;
WP1191;20;RegioS;2107;Ursem;
WP1891;20;RegioS;2108;Ursem;
WP3485;20;RegioS;2109;Usquert;
WP3295;20;RegioS;2110;Utrecht;
WP1429;21;RegioS;2111;Vaals;
WP1345;21;RegioS;2112;Vaassen;
WP1872;21;RegioS;2113;Valburg;
WP1709;21;RegioS;2114;Valkenburg;
WP1718;21;RegioS;2115;Valkenburg;
WP1100;21;RegioS;2116;Valkenswaard;
WP1800;21;RegioS;2117;Valthe;
WP1801;21;RegioS;2118;Valthermond;
WP1781;21;RegioS;2119;2e Valthermond;
WP3367;21;RegioS;2120;Varik;
WP1582;21;RegioS;2121;Varsselder;
WP1574;21;RegioS;2122;Varsseveld;
WP1295;21;RegioS;2123;Vasse;
WP2234;21;RegioS;2124;Veelerveen;
WP1956;21;RegioS;2125;Veen;
WP1240;21;RegioS;2126;Veendam;
WP2048;21;RegioS;2127;Veenendaal;
WP3277;21;RegioS;2128;De Veenhoop;
WP1651;21;RegioS;2129;Veenhuizen;
WP3171;21;RegioS;2130;Veeningen;
WP1999;21;RegioS;2131;Veenoord;
WP2783;21;RegioS;2132;Veere;
WP2866;21;RegioS;2133;Veessen;
WP2513;21;RegioS;2134;Vegelinsoord;
WP2827;21;RegioS;2135;Veghel;
WP2520;21;RegioS;2136;'t Veld;
WP1631;21;RegioS;2137;Velddriel;
WP1547;21;RegioS;2138;Den Velde;
WP3142;21;RegioS;2139;Velden;
WP1384;21;RegioS;2140;Veldhoven;
WP3198;21;RegioS;2141;Velp;
WP1500;21;RegioS;2142;Velp;
WP3538;21;RegioS;2143;Velsen-Noord;
WP3536;21;RegioS;2144;Velsen-Zuid;
WP2839;21;RegioS;2145;Velserbroek;
WP1565;21;RegioS;2146;Venebrugge;
WP3139;21;RegioS;2147;Venhorst;
WP1512;21;RegioS;2148;Venhuizen;
WP1473;21;RegioS;2149;Venlo;
WP2335;21;RegioS;2150;Venray;
WP2481;21;RegioS;2151;Ven-Zelderheide;
WP2996;21;RegioS;2152;Vessem;
WP2211;21;RegioS;2153;Vethuizen;
WP2336;21;RegioS;2154;Veulen;
WP2843;21;RegioS;2155;Vianen;
WP1455;21;RegioS;2156;Vianen NB;
WP1532;21;RegioS;2157;Vierakker;
WP2985;21;RegioS;2158;Vierhouten;
WP3426;21;RegioS;2159;Vierhuizen;
WP1223;21;RegioS;2160;Vierlingsbeek;
WP2369;21;RegioS;2161;Vierpolders;
WP1613;21;RegioS;2162;Vijfhuizen;
WP1431;21;RegioS;2163;Vijlen;
WP2554;21;RegioS;2164;Vilsteren;
WP1743;21;RegioS;2165;Vinkega;
WP3612;21;RegioS;2166;Vinkel;
WP3063;21;RegioS;2167;Vinkel;
WP2555;21;RegioS;2168;Vinkenbuurt;
WP3550;21;RegioS;2169;Vinkeveen;
WP2127;21;RegioS;2170;Visvliet;
WP1015;21;RegioS;2171;Vlaardingen;
WP2298;21;RegioS;2172;Vlagtwedde;
WP3122;21;RegioS;2173;Vledder;
WP3123;21;RegioS;2174;Vledderveen;
WP3078;21;RegioS;2175;Vledderveen;
WP3296;21;RegioS;2176;Vleuten;
WP3299;21;RegioS;2177;Vlieland;
WP1775;21;RegioS;2178;Vlierden;
WP3503;21;RegioS;2179;Vlijmen;
WP1078;21;RegioS;2180;Vlissingen;
WP2389;21;RegioS;2181;Vlist;
WP2595;21;RegioS;2182;Vlodrop;
WP1855;21;RegioS;2183;Voerendaal;
WP2651;21;RegioS;2184;Vogelenzang;
WP3095;21;RegioS;2185;Vogelwaarde;
WP1748;21;RegioS;2186;Volendam;
WP1848;21;RegioS;2187;Volkel;
WP2716;21;RegioS;2188;Vollenhove;
WP3087;21;RegioS;2189;Vondelingenplaat Rotterdam;
WP1622;21;RegioS;2190;Voorburg;
WP2004;21;RegioS;2191;Voorhout;
WP3231;21;RegioS;2192;Voorschoten;
WP1586;21;RegioS;2193;Voorst;
WP2612;21;RegioS;2194;Voorst;
WP3599;21;RegioS;2195;Voorthuizen;
WP2867;21;RegioS;2196;Vorchten;
WP3573;21;RegioS;2197;Vorden;
WP3064;21;RegioS;2198;Vorstenbosch;
WP1224;21;RegioS;2199;Vortum-Mullem;
WP2226;21;RegioS;2200;Vragender;
WP1181;21;RegioS;2201;Vredenheim;
WP2337;21;RegioS;2202;Vredepeel;
WP3525;21;RegioS;2203;Vreeland;
WP2912;21;RegioS;2204;Vries;
WP2235;21;RegioS;2205;Vriescheloo;
WP3325;21;RegioS;2206;Vriezenveen;
WP3326;21;RegioS;2207;Vroomshoop;
WP2672;21;RegioS;2208;Vrouwenakker;
WP3334;21;RegioS;2209;Vrouwenparochie;
WP2784;21;RegioS;2210;Vrouwenpolder;
WP1619;21;RegioS;2211;Vught;
WP2357;21;RegioS;2212;Vuren;
WP2031;22;RegioS;2213;Waaksens;
WP1809;22;RegioS;2214;Waal;
WP2739;22;RegioS;2215;De Waal;
WP1006;22;RegioS;2216;Waalre;
WP2597;22;RegioS;2217;Waalwijk;
WP1895;22;RegioS;2218;'t Waar;
WP3466;22;RegioS;2219;Waarde;
WP3368;22;RegioS;2220;Waardenburg;
WP2478;22;RegioS;2221;Waarder;
WP3305;22;RegioS;2222;Waardhuizen;
WP3293;22;RegioS;2223;Waarland;
WP3412;22;RegioS;2224;Waaxens;
WP2165;22;RegioS;2225;Wachtum;
WP3051;22;RegioS;2226;Waddinxveen;
WP2559;22;RegioS;2227;Wadenoijen;
WP2579;22;RegioS;2228;Wagenberg;
WP3244;22;RegioS;2229;Wagenborgen;
WP2006;22;RegioS;2230;Wageningen;
WP1719;22;RegioS;2231;Walem;
WP3101;22;RegioS;2232;Walsoorden;
WP3269;22;RegioS;2233;Wâlterswâld;
WP1773;22;RegioS;2234;Wamel;
WP2717;22;RegioS;2235;Wanneperveen;
WP2085;22;RegioS;2236;Wanroij;
WP1861;22;RegioS;2237;Wanssum;
WP3210;22;RegioS;2238;Wânswert;
WP2868;22;RegioS;2239;Wapenveld;
WP3124;22;RegioS;2240;Wapse;
WP3125;22;RegioS;2241;Wapserveen;
WP1843;22;RegioS;2242;Warder;
WP3486;22;RegioS;2243;Warffum;
WP3427;22;RegioS;2244;Warfhuizen;
WP3316;22;RegioS;2245;Warfstermolen;
WP3294;22;RegioS;2246;Warmenhuizen;
WP3542;22;RegioS;2247;Warmond;
WP1971;22;RegioS;2248;Warns;
WP1396;22;RegioS;2249;Warnsveld;
WP2540;22;RegioS;2250;Warstiens;
WP2541;22;RegioS;2251;Warten;
WP1765;22;RegioS;2252;Waskemeer;
WP2598;22;RegioS;2253;Waspik;
WP1821;22;RegioS;2254;Wassenaar;
WP3126;22;RegioS;2255;Wateren;
WP1945;22;RegioS;2256;Watergang;
WP1022;22;RegioS;2257;Waterhuizen;
WP2664;22;RegioS;2258;Wateringen;
WP2963;22;RegioS;2259;Waterlandkerkje;
WP3551;22;RegioS;2260;Waverveen;
WP2236;22;RegioS;2261;Wedde;
WP2789;22;RegioS;2262;De Weere;
WP1417;22;RegioS;2263;Weerselo;
WP1974;22;RegioS;2264;Weert;
WP3631;22;RegioS;2265;Weesp;
WP3428;22;RegioS;2266;Wehe-den Hoorn;
WP3248;22;RegioS;2267;Wehl;
WP2032;22;RegioS;2268;Weidum;
WP2000;22;RegioS;2269;Weiteveen;
WP2771;22;RegioS;2270;Wekerom;
WP1632;22;RegioS;2271;Well;
WP1124;22;RegioS;2272;Well L;
WP1125;22;RegioS;2273;Wellerlooi;
WP1382;22;RegioS;2274;Welsum;
WP1470;22;RegioS;2275;Wemeldinge;
WP3561;22;RegioS;2276;Wenum Wiesel;
WP2539;22;RegioS;2277;Wergea;
WP2218;22;RegioS;2278;Werkendam;
WP2605;22;RegioS;2279;Werkhoven;
WP3491;22;RegioS;2280;Wernhout;
WP3565;22;RegioS;2281;Wervershoof;
WP1381;22;RegioS;2282;Wesepe;
WP1919;22;RegioS;2283;Wessem;
WP2172;22;RegioS;2284;Westbeemster;
WP2939;22;RegioS;2285;Westbroek;
WP1802;22;RegioS;2286;Westdorp;
WP1138;22;RegioS;2287;Westdorpe;
WP1575;22;RegioS;2288;Westendorp;
WP2086;22;RegioS;2289;Westerbeek;
WP3025;22;RegioS;2290;Westerbork;
WP1023;22;RegioS;2291;Westerbroek;
WP3273;22;RegioS;2292;De Westereen;
WP3455;22;RegioS;2293;Westeremden;
WP3317;22;RegioS;2294;Westergeast;
WP3327;22;RegioS;2295;Westerhaar-Vriezenveensewijk;
WP1460;22;RegioS;2296;Westerhoven;
WP1490;22;RegioS;2297;Westerland;
WP1900;22;RegioS;2298;Westerlee;
WP3429;22;RegioS;2299;Westernieland;
WP1652;22;RegioS;2300;Westervelde;
WP1936;22;RegioS;2301;Westervoort;
WP3456;22;RegioS;2302;Westerwijtwerd;
WP1908;22;RegioS;2303;West-Graftdijk;
WP2424;22;RegioS;2304;Westhem;
WP3329;22;RegioS;2305;Westhoek;
WP2785;22;RegioS;2306;Westkapelle;
WP1881;22;RegioS;2307;Westknollendam;
WP2385;22;RegioS;2308;Westmaas;
WP2625;22;RegioS;2309;West-Terschelling;
WP1513;22;RegioS;2310;Westwoud;
WP1882;22;RegioS;2311;Westzaan;
WP2718;22;RegioS;2312;Wetering;
WP1606;22;RegioS;2313;Weteringbrug;
WP3413;22;RegioS;2314;Wetsens;
WP2474;22;RegioS;2315;Wetsinge;
WP2750;22;RegioS;2316;Weurt;
WP3073;22;RegioS;2317;Wezep;
WP2166;22;RegioS;2318;Wezup;
WP2167;22;RegioS;2319;Wezuperbrug;
WP3572;22;RegioS;2320;Wichmond;
WP2734;22;RegioS;2321;Wier;
WP1087;22;RegioS;2322;Wierden;
WP3187;22;RegioS;2323;Wieringerwaard;
WP2436;22;RegioS;2324;Wieringerwerf;
WP3414;22;RegioS;2325;Wierum;
WP2564;22;RegioS;2326;Wijchen;
WP1686;22;RegioS;2327;Wijckel;
WP1514;22;RegioS;2328;Wijdenes;
WP2288;22;RegioS;2329;Wijdewormer;
WP1380;22;RegioS;2330;Wijhe;
WP3162;22;RegioS;2331;de Wijk;
WP3552;22;RegioS;2332;Wijk aan Zee;
WP1302;22;RegioS;2333;Wijk bij Duurstede;
WP1957;22;RegioS;2334;Wijk en Aalburg;
WP1236;22;RegioS;2335;Wijlre;
WP2893;22;RegioS;2336;Wijnaldum;
WP2361;22;RegioS;2337;Wijnandsrade;
WP2212;22;RegioS;2338;Wijnbergen;
WP1986;22;RegioS;2339;Wijngaarden;
WP3358;22;RegioS;2340;Wijnjewoude;
WP3026;22;RegioS;2341;Wijster;
WP1979;22;RegioS;2342;Wilbertoord;
WP1241;22;RegioS;2343;Wildervank;
WP3278;22;RegioS;2344;De Wilgen;
WP1827;22;RegioS;2345;Wilhelminadorp;
WP3127;22;RegioS;2346;Wilhelminaoord;
WP2719;22;RegioS;2347;Willemsoord;
WP1317;22;RegioS;2348;Willemstad;
WP1931;22;RegioS;2349;Wilnis;
WP2613;22;RegioS;2350;Wilp;
WP2260;22;RegioS;2351;De Wilp;
WP2898;22;RegioS;2352;Wilsum;
WP2920;22;RegioS;2353;Winde;
WP2820;22;RegioS;2354;Windraak;
WP2521;22;RegioS;2355;Winkel;
WP1836;22;RegioS;2356;Winneweer;
WP1471;22;RegioS;2357;Winschoten;
WP2753;22;RegioS;2358;Winssen;
WP2033;22;RegioS;2359;Winsum;
WP2475;22;RegioS;2360;Winsum;
WP2997;22;RegioS;2361;Wintelre;
WP1478;22;RegioS;2362;Winterswijk;
WP1486;22;RegioS;2363;Winterswijk Brinkheurne;
WP1487;22;RegioS;2364;Winterswijk Corle;
WP1485;22;RegioS;2365;Winterswijk Henxel;
WP1480;22;RegioS;2366;Winterswijk Huppel;
WP1482;22;RegioS;2367;Winterswijk Kotten;
WP1479;22;RegioS;2368;Winterswijk Meddo;
WP1484;22;RegioS;2369;Winterswijk Miste;
WP1481;22;RegioS;2370;Winterswijk Ratum;
WP1483;22;RegioS;2371;Winterswijk Woold;
WP3545;22;RegioS;2372;Wirdum;
WP3457;22;RegioS;2373;Wirdum;
WP3191;22;RegioS;2374;Wissenkerke;
WP2556;22;RegioS;2375;Witharen;
WP2325;22;RegioS;2376;Witmarsum;
WP2720;22;RegioS;2377;Witte Paarden;
WP3128;22;RegioS;2378;Wittelte;
WP1233;22;RegioS;2379;Wittem;
WP3027;22;RegioS;2380;Witteveen;
WP2034;22;RegioS;2381;Wiuwert;
WP2035;22;RegioS;2382;Wjelsryp;
WP1004;22;RegioS;2383;Woensdrecht;
WP1071;22;RegioS;2384;Woerden;
WP2669;22;RegioS;2385;Woerdense Verlaat;
WP3158;22;RegioS;2386;Wognum;
WP3245;22;RegioS;2387;Woldendorp;
WP2989;22;RegioS;2388;Wolfheze;
WP1828;22;RegioS;2389;Wolphaartsdijk;
WP2425;22;RegioS;2390;Wolsum;
WP1833;22;RegioS;2391;Woltersum;
WP1744;22;RegioS;2392;Wolvega;
WP2036;22;RegioS;2393;Wommels;
WP2326;22;RegioS;2394;Wons;
WP1965;22;RegioS;2395;Workum;
WP2287;22;RegioS;2396;Wormer;
WP1883;22;RegioS;2397;Wormerveer;
WP3043;22;RegioS;2398;Woubrugge;
WP1361;22;RegioS;2399;Woudbloem;
WP2269;22;RegioS;2400;de Woude;
WP2523;22;RegioS;2401;Woudenberg;
WP3306;22;RegioS;2402;Woudrichem;
WP2426;22;RegioS;2403;Woudsend;
WP1589;22;RegioS;2404;Wouw;
WP1592;22;RegioS;2405;Wouwse Plantage;
WP2442;22;RegioS;2406;Wyns;
WP1206;22;RegioS;2407;Wytgaard;
WP2921;23;RegioS;2408;Yde;
WP3467;23;RegioS;2409;Yerseke;
WP2427;23;RegioS;2410;Ypecolsga;
WP3592;23;RegioS;2411;Ysbrechtum;
WP2338;23;RegioS;2412;Ysselsteyn;
WP1139;24;RegioS;2413;Zaamslag;
WP1884;24;RegioS;2414;Zaandam;
WP1885;24;RegioS;2415;Zaandijk;
WP2897;24;RegioS;2416;Zalk;
WP2636;24;RegioS;2417;Zaltbommel;
WP2758;24;RegioS;2418;'t Zand;
WP1803;24;RegioS;2419;Zandberg;
WP3487;24;RegioS;2420;Zandeweer;
WP1745;24;RegioS;2421;Zandhuizen;
WP2001;24;RegioS;2422;Zandpol;
WP3458;24;RegioS;2423;'t Zandt;
WP1305;24;RegioS;2424;Zandvoort;
WP2213;24;RegioS;2425;Zeddam;
WP2922;24;RegioS;2426;Zeegse;
WP1850;24;RegioS;2427;Zeeland;
WP3459;24;RegioS;2428;Zeerijp;
WP1075;24;RegioS;2429;Zeewolde;
WP2585;24;RegioS;2430;Zegge;
WP1074;24;RegioS;2431;Zegveld;
WP2923;24;RegioS;2432;Zeijen;
WP2396;24;RegioS;2433;Zeijerveen;
WP2397;24;RegioS;2434;Zeijerveld;
WP2821;24;RegioS;2435;Zeist;
WP3574;24;RegioS;2436;Zelhem;
WP3571;24;RegioS;2437;Zenderen;
WP2558;24;RegioS;2438;Zennewijnen;
WP3369;24;RegioS;2439;Zennewijnen;
WP1873;24;RegioS;2440;Zetten;
WP1297;24;RegioS;2441;Zevenaar;
WP1323;24;RegioS;2442;Zevenbergen;
WP1327;24;RegioS;2443;Zevenbergschen Hoek;
WP2580;24;RegioS;2444;Zevenbergschen Hoek;
WP2671;24;RegioS;2445;Zevenhoven;
WP1213;24;RegioS;2446;Zevenhuizen;
WP2346;24;RegioS;2447;Zevenhuizen;
WP2689;24;RegioS;2448;Zierikzee;
WP2229;24;RegioS;2449;Zieuwent;
WP2844;24;RegioS;2450;Zijderveld;
WP2522;24;RegioS;2451;Zijdewind;
WP3460;24;RegioS;2452;Zijldijk;
WP1928;24;RegioS;2453;De Zilk;
WP3384;24;RegioS;2454;Zoelen;
WP3385;24;RegioS;2455;Zoelmond;
WP2293;24;RegioS;2456;Zoetermeer;
WP2644;24;RegioS;2457;Zoeterwoude;
WP2690;24;RegioS;2458;Zonnemaire;
WP3129;24;RegioS;2459;Zorgvlied;
WP2786;24;RegioS;2460;Zoutelande;
WP3430;24;RegioS;2461;Zoutkamp;
WP2889;24;RegioS;2462;Zuid-Beijerland;
WP2280;24;RegioS;2463;Zuidbroek;
WP1140;24;RegioS;2464;Zuiddorpe;
WP1192;24;RegioS;2465;Zuidermeer;
WP1948;24;RegioS;2466;Zuiderwoude;
WP2128;24;RegioS;2467;Zuidhorn;
WP2925;24;RegioS;2468;Zuidlaarderveen;
WP1390;24;RegioS;2469;Zuidland;
WP2913;24;RegioS;2470;Zuidlaren;
WP2173;24;RegioS;2471;Zuidoostbeemster;
WP1117;24;RegioS;2472;Zuid-Scharwoude;
WP1892;24;RegioS;2473;Zuidschermer;
WP2721;24;RegioS;2474;Zuidveen;
WP3028;24;RegioS;2475;Zuidveld;
WP1653;24;RegioS;2476;Zuidvelde;
WP2832;24;RegioS;2477;Zuidwolde;
WP3172;24;RegioS;2478;Zuidwolde;
WP2972;24;RegioS;2479;Zuidzande;
WP2637;24;RegioS;2480;Zuilichem;
WP1091;24;RegioS;2481;Zuna;
WP3489;24;RegioS;2482;Zundert;
WP2327;24;RegioS;2483;Zurich;
WP1395;24;RegioS;2484;Zutphen;
WP3431;24;RegioS;2485;Zuurdijk;
WP2463;24;RegioS;2486;Zwaag;
WP1107;24;RegioS;2487;Zwaagdijk-Oost;
WP3159;24;RegioS;2488;Zwaagdijk-West;
WP1611;24;RegioS;2489;Zwaanshoek;
WP1081;24;RegioS;2490;Zwammerdam;
WP1614;24;RegioS;2491;Zwanenburg;
WP3600;24;RegioS;2492;Zwartebroek;
WP2002;24;RegioS;2493;Zwartemeer;
WP2370;24;RegioS;2494;Zwartewaal;
WP2201;24;RegioS;2495;Zwartsluis;
WP2168;24;RegioS;2496;Zweeloo;
WP1367;24;RegioS;2497;Zweins;
WP3029;24;RegioS;2498;Zwiggelte;
WP2399;24;RegioS;2499;Zwijndrecht;
WP2169;24;RegioS;2500;Zwinderen;
WP1182;24;RegioS;2501;Zwolle;
